,AFFILIATE|DESKTOP,AFFILIATE|MOBILE,B2B|DESKTOP,B2B|MOBILE,CONVERSION,DIRECT|DESKTOP,DIRECT|MOBILE,DISPLAY|DESKTOP,DISPLAY|MOBILE,ECONFO AND PRE-ARRIVAL EMAIL|DESKTOP,ECONFO AND PRE-ARRIVAL EMAIL|MOBILE,EMAIL|DESKTOP,EMAIL|MOBILE,NATURAL SEARCH|DESKTOP,NATURAL SEARCH|MOBILE,Null,OTHER|DESKTOP,OTHER|MOBILE,PAID SEARCH|DESKTOP,PAID SEARCH|MOBILE,REFERRAL ENGINE|DESKTOP,REFERRAL ENGINE|MOBILE,RESLINK|DESKTOP,RESLINK|MOBILE,SOCIAL MEDIA|DESKTOP,SOCIAL MEDIA|MOBILE,Start,TEST|DESKTOP,TEST|MOBILE,UNPAID REFERRER|DESKTOP,UNPAID REFERRER|MOBILE,Time_Period
AFFILIATE|DESKTOP,0.240776321,0.000839069,0,0,0.209098426,0.095228251,0.078884646,0.000826909,4.86E-05,0.002796897,3.65E-05,0.016890824,0.000644502,0.107595398,0.002857699,0.167667875,0.010810614,0.002444244,0.030923949,0.001276844,0.00578836,0.000109444,0.008232605,0.000170246,0.000887711,3.65E-05,0,7.30E-05,0,0.014920836,0.000133765,21-Jan
AFFILIATE|MOBILE,0.004940849,0.200904662,0,0,0.206263048,0.013361169,0.11809325,0.000139179,0.000765484,0.000278358,0.003061935,0.001043841,0.012456507,0.014057063,0.106680585,0.223312457,0.001530967,0.013361169,0.002157272,0.043006263,0.000835073,0.004732081,0.000139179,0.018371608,0,0.000556715,0,0,0,0.001043841,0.008907446,21-Jan
B2B|DESKTOP,0,0,0.421052632,0,0.157894737,0.052631579,0.052631579,0,0,0,0,0,0,0,0,0.263157895,0.052631579,0,0,0,0,0,0,0,0,0,0,0,0,0,0,21-Jan
B2B|MOBILE,0,0,0,0,0,0,0,0,0,0,0,0,0,0,1,0,0,0,0,0,0,0,0,0,0,0,0,0,0,0,0,21-Jan
CONVERSION,0,0,0,0,1,0,0,0,0,0,0,0,0,0,0,0,0,0,0,0,0,0,0,0,0,0,0,0,0,0,0,21-Jan
DIRECT|DESKTOP,0.008159744,0.000219314,6.94E-07,0,0.102380949,0.465939644,0.126155044,0.000861295,0.00012909,0.006265729,0.00016865,0.02494007,0.001089632,0.080003248,0.003953211,0.107825637,0.020310871,0.002912162,0.021834967,0.001211087,0.006265729,0.000138113,0.001691358,9.86E-05,0.001074363,3.89E-05,0,0.000122844,6.94E-07,0.01593777,0.000270673,21-Jan
DIRECT|MOBILE,0.00370066,0.001025175,0,0,0.007873163,0.071512951,0.751188725,0.000466144,0.000415142,0.000717452,0.00164803,0.006944579,0.005198248,0.043679929,0.016018719,0.051268733,0.00327754,0.011669275,0.006957971,0.00551167,0.001633214,0.0009642,0.000820596,0.000792673,0.000184919,0.000130498,0,4.73E-05,9.97E-06,0.004674263,0.00166826,21-Jan
DISPLAY|DESKTOP,0.00655599,0,0,0,0.166649043,0.150259067,0.069155123,0.20334144,0.000740192,0.002326319,0,0.018822037,0.000951676,0.076662789,0.002643544,0.230834303,0.015861267,0.001268901,0.017024426,0.000634451,0.007296183,0.000211484,0.000845934,0,0.009833985,0,0,0.000211484,0,0.017553135,0.000317225,21-Jan
DISPLAY|MOBILE,0.000865801,0.003896104,0,0,0.140692641,0.014862915,0.214430014,0.001154401,0.241269841,0.0002886,0.003318903,0.000577201,0.017604618,0.012265512,0.076479076,0.214862915,0.001010101,0.010533911,0.002597403,0.018759019,0.0002886,0.005483405,0.000721501,0.001010101,0,0.005916306,0,0,0,0.001298701,0.00981241,21-Jan
ECONFO AND PRE-ARRIVAL EMAIL|DESKTOP,0.008698462,0.000188512,0,0,0.065144211,0.214472302,0.115746102,0.000619395,2.69E-05,0.237659225,0.00121186,0.055907145,0.000780976,0.113807126,0.003204697,0.106535965,0.011445345,0.004174185,0.02647241,0.001077209,0.009102416,8.08E-05,0.003204697,0.000188512,0.001588883,0.000107721,0,8.08E-05,0,0.018177901,0.000296232,21-Jan
ECONFO AND PRE-ARRIVAL EMAIL|MOBILE,7.27E-05,0.000664397,0,0,0.009322315,0.004038286,0.059567312,0,0.000352961,0.00043601,0.062650527,0.000269911,0.011211693,0.0024292,0.028569056,0.047670459,0.000508679,0.005450129,0.000467154,0.004806494,0.000218005,0.001422224,3.11E-05,0.000654015,3.11E-05,0.000166099,0,1.04E-05,0,0.000280292,0.001681754,21-Jan
EMAIL|DESKTOP,0.007788907,9.74E-05,0,0,0.055907329,0.145185405,0.076207619,0.000855552,3.81E-05,0.003163847,9.32E-05,0.252692658,0.001681455,0.079443468,0.002058406,0.156091569,0.004946952,0.001804282,0.022866945,0.00058025,0.004633532,8.89E-05,0.001228267,4.66E-05,0.001486627,6.35E-05,0,0.000245653,0,0.023324368,0.000105885,21-Jan
EMAIL|MOBILE,0.000944689,0.002263101,0,0,0.040216759,0.016360767,0.145596296,0.000114193,0.001629848,9.34E-05,0.004609252,0.005273648,0.180570551,0.012166764,0.073062869,0.22676688,0.001526036,0.011377793,0.002065858,0.016495723,0.000882402,0.003778756,0.000155718,0.001058882,5.19E-05,0.000581347,0,1.04E-05,5.19E-05,0.001027739,0.008284196,21-Jan
NATURAL SEARCH|DESKTOP,0.009970573,0.000144725,0,0,0.139205943,0.089519031,0.065414636,0.000500748,6.46E-05,0.002950456,9.17E-05,0.01431714,0.000577934,0.289971537,0.004693907,0.207635679,0.009107048,0.001906508,0.10550919,0.000997636,0.035388104,0.000164021,0.002547156,8.49E-05,0.001182884,3.86E-05,0,9.17E-05,1.93E-06,0.017711419,0.000210333,21-Jan
NATURAL SEARCH|MOBILE,0.000774967,0.005362999,0,0,0.148771284,0.011444809,0.109778629,8.14E-05,0.000974325,0.000148816,0.007780561,0.001044521,0.027261445,0.020045263,0.381404713,0.173806101,0.000828317,0.012559526,0.002630958,0.041620805,0.001086639,0.03601633,0.000131969,0.00220978,5.62E-05,0.000881666,0,8.42E-06,7.58E-05,0.00122984,0.011983917,21-Jan
Null,0,0,0,0,0,0,0,0,0,0,0,0,0,0,0,1,0,0,0,0,0,0,0,0,0,0,0,0,0,0,0,21-Jan
OTHER|DESKTOP,0.011787234,0.000171993,0,0,0.12515336,0.377936775,0.03860663,0.00111222,8.03E-05,0.00456354,0.000355452,0.009505464,0.00116955,0.107839428,0.003646245,0.091786775,0.170834623,0.001708461,0.012910919,0.000722369,0.013564492,0.000355452,0.003760907,0.000126128,0.000596241,2.29E-05,0,2.29E-05,0,0.021269765,0.00038985,21-Jan
OTHER|MOBILE,0.003250444,0.0016335,0,0,0.026969306,0.035876295,0.147379226,0.000331115,0.000651193,0.000822269,0.002930367,0.006235997,0.008895953,0.037338719,0.034640133,0.035666589,0.002632363,0.62134256,0.007317638,0.009072547,0.001881836,0.004149973,0.00073949,0.001914948,0.000237299,0.000253855,0,1.66E-05,1.10E-05,0.004420383,0.003388409,21-Jan
PAID SEARCH|DESKTOP,0.01432113,0.000239912,0,0,0.205233274,0.092919406,0.081899461,0.000553396,0.000131152,0.003074069,0.000127953,0.016230827,0.000767717,0.167909409,0.004452761,0.077849751,0.004433568,0.002664619,0.293786287,0.002757385,0.010732051,0.000195128,0.001788142,0.000127953,0.0013595,4.16E-05,0,8.96E-05,3.20E-06,0.016083681,0.000227116,21-Jan
PAID SEARCH|MOBILE,0.001388296,0.00663081,0,9.71E-06,0.140237272,0.015047959,0.129218283,9.71E-05,0.000999961,0.000145625,0.004485263,0.001378587,0.011795658,0.021280727,0.125373772,0.166420722,0.000980544,0.011552949,0.006436643,0.334443323,0.001106753,0.007193895,0.000194167,0.001271795,7.77E-05,0.000747544,0,0,2.91E-05,0.001621296,0.00983457,21-Jan
REFERRAL ENGINE|DESKTOP,0.012731596,0.000179445,1.79E-05,0,0.219774797,0.078219909,0.051976134,0.000672917,7.18E-05,0.003382531,0.000170472,0.01326993,0.000771612,0.197021219,0.005132116,0.062832533,0.017388184,0.001946974,0.037871787,0.001300973,0.257494056,0.000951056,0.00233278,6.28E-05,0.009429815,7.18E-05,0,0.000107667,0,0.024512135,0.000305056,21-Jan
REFERRAL ENGINE|MOBILE,0.000558466,0.003271016,0,0,0.23886392,0.006409063,0.074275989,5.32E-05,0.001090339,5.32E-05,0.004813446,0.000664841,0.012445815,0.011834162,0.234848283,0.069834854,0.001116932,0.024545914,0.001595617,0.028747706,0.002925299,0.243065713,7.98E-05,0.001595617,0.000159562,0.009600298,0,0,0,0.000904183,0.02664681,21-Jan
RESLINK|DESKTOP,0.01648585,0.000347477,0,0,0.15528358,0.080112737,0.069109301,0.000193043,7.72E-05,0.004941894,0,0.012123084,0.000424694,0.11991815,0.002702598,0.206748774,0.010501525,0.001544342,0.022547392,0.000617737,0.008648315,3.86E-05,0.268638277,0.002625381,0.001428516,0,0,0.000115826,0,0.014671248,0.000154434,21-Jan
RESLINK|MOBILE,0.000940923,0.010282949,0,0,0.091605619,0.006519255,0.12561328,6.72E-05,0.000268835,0,0.006519255,0.000470462,0.00739297,0.008266685,0.06028631,0.301767592,0.001075341,0.020297063,0.001747429,0.010686202,0.000268835,0.004435782,0.006452047,0.326433228,0,0.00114255,0,0,6.72E-05,0.000537671,0.006855299,21-Jan
SOCIAL MEDIA|DESKTOP,0.008391428,0,0,0,0.028401756,0.148205525,0.04879938,0.033307514,0.000129099,0.003743868,0.000258198,0.029176349,0,0.113865221,0.001290989,0.07087529,0.005163956,0.001290989,0.031629228,0.000516396,0.304286083,0,0.003743868,0,0.118125484,0.000258198,0,0.000387297,0,0.048024787,0.000129099,21-Jan
SOCIAL MEDIA|MOBILE,0.000378501,0.002271007,0,0,0.070401211,0.00681302,0.099545799,0,0.018546556,0,0.003028009,0.001514005,0.014761544,0.004163512,0.092732778,0.204769114,0.000757002,0.00340651,0,0.021953066,0.000378501,0.313777441,0,0.005677517,0.000757002,0.0999243,0,0,0,0.000378501,0.034065102,21-Jan
Start,0.010866084,0.002591386,5.86E-06,0,0,0.194356848,0.319310586,0.002169259,0.001849,0.0039054,0.002790723,0.034946329,0.014336899,0.227444649,0.076855541,0,0.007988151,0.006875673,0.02324039,0.017087315,0.01075469,0.00556459,0.005826953,0.003637174,0.000676428,0.000570896,0,0.000264562,4.69E-05,0.021123163,0.004914545,21-Jan
TEST|DESKTOP,0.011102887,0,0,0,0.08142117,0.119170984,0.050333087,0.002220577,0,0.000740192,0,0.012583272,0,0.119911177,0.00296077,0.22057735,0.001480385,0.001480385,0.051813472,0,0.008882309,0.000740192,0.00296077,0,0.003700962,0,0,0.298297557,0,0.009622502,0,21-Jan
TEST|MOBILE,0.005882353,0.017647059,0,0,0.029411765,0.023529412,0.141176471,0,0.005882353,0,0,0,0.011764706,0.035294118,0.094117647,0.405882353,0,0,0,0.023529412,0,0.011764706,0,0.017647059,0,0,0,0,0.170588235,0.005882353,0,21-Jan
UNPAID REFERRER|DESKTOP,0.011463268,0.000101087,0,0,0.090863755,0.143274006,0.079205052,0.001017609,6.07E-05,0.003126959,0.000101087,0.024806755,0.000727827,0.123016167,0.003241524,0.119424208,0.025736756,0.00280348,0.035629806,0.000930001,0.043743724,0.000114565,0.002971958,9.43E-05,0.001806088,6.07E-05,0,0.000161739,0,0.28454649,0.000970435,21-Jan
UNPAID REFERRER|MOBILE,0.000621118,0.0063147,0,0,0.116149068,0.015079365,0.152484472,3.45E-05,0.002657005,6.90E-05,0.004692892,0.000931677,0.018288475,0.012767426,0.151173223,0.142201518,0.001138716,0.034679089,0.002242926,0.037991718,0.000828157,0.036645963,0.000138026,0.003450656,3.45E-05,0.002070393,0,0,0,0.006901311,0.250414079,21-Jan
AFFILIATE|DESKTOP,0.248369943,0.001131902,0,0,0.192199309,0.105927157,0.089361301,0.000353719,7.07E-05,0.003124521,8.25E-05,0.017603433,0.000601323,0.118743589,0.003171684,0.130805419,0.011260066,0.002947661,0.033591548,0.001379506,0.007475269,0.000141488,0.013759683,8.25E-05,0.001296971,1.18E-05,0,0.000165069,0,0.016106021,0.000235813,21-Feb
AFFILIATE|MOBILE,0.007717361,0.191588785,0,0,0.183588219,0.017063155,0.139195695,0,0.000637213,0.000212404,0.003540074,0.000920419,0.012248655,0.014301897,0.10768904,0.209713962,0.002619654,0.013239875,0.004743699,0.044534126,0.001062022,0.004602096,0,0.024568111,0,0.000708015,0,0,0,0.001345228,0.014160295,21-Feb
B2B|DESKTOP,0,0,0.173913043,0,0.130434783,0.173913043,0.130434783,0,0,0,0,0.043478261,0,0.043478261,0,0.304347826,0,0,0,0,0,0,0,0,0,0,0,0,0,0,0,21-Feb
B2B|MOBILE,0,0,0,0,1,0,0,0,0,0,0,0,0,0,0,0,0,0,0,0,0,0,0,0,0,0,0,0,0,0,0,21-Feb
CONVERSION,0,0,0,0,1,0,0,0,0,0,0,0,0,0,0,0,0,0,0,0,0,0,0,0,0,0,0,0,0,0,0,21-Feb
DIRECT|DESKTOP,0.007466582,0.00023895,1.81E-06,0,0.100915311,0.460767862,0.125902473,0.000753054,0.000100769,0.006326742,0.000190074,0.024812777,0.000968471,0.085022727,0.004411522,0.10639004,0.021416792,0.003361591,0.023134697,0.00124785,0.006448631,0.000143611,0.00204797,0.000114648,0.001216472,4.95E-05,0,0.000304118,5.43E-06,0.015910686,0.000328858,21-Feb
DIRECT|MOBILE,0.002990406,0.000909392,9.23E-07,0,0.008102649,0.0661621,0.75389161,0.00046173,0.000333728,0.000736416,0.001837926,0.005183048,0.004930734,0.042839424,0.016191921,0.058158624,0.003237877,0.01055314,0.007244458,0.005071882,0.001648114,0.000978813,0.000888634,0.000817138,0.000218641,0.0001453,0,6.87E-05,1.91E-05,0.004603233,0.001774271,21-Feb
DISPLAY|DESKTOP,0.005473026,0,0,0,0.190578577,0.147771697,0.069096951,0.213545739,0.001172791,0.001563722,0,0.014953088,0.000488663,0.066360438,0.001856919,0.233580923,0.011727912,0.002052385,0.012900704,0.001270524,0.006352619,9.77E-05,0.001465989,0,0.006450352,9.77E-05,0,9.77E-05,0,0.010652854,0.00039093,21-Feb
DISPLAY|MOBILE,0.000470293,0.001881173,0,0,0.150023515,0.011914093,0.235303339,0.000783822,0.212572504,0.000156764,0.004075874,0.000940586,0.015989967,0.013795266,0.068349271,0.228875999,0.000313529,0.009405863,0.002194701,0.019438784,0.000783822,0.00501646,0.000156764,0.001724408,0,0.004702931,0,0,0,0.000470293,0.010659978,21-Feb
ECONFO AND PRE-ARRIVAL EMAIL|DESKTOP,0.00117485,3.83E-06,0,0,0.011629865,0.035528682,0.020068118,6.12E-05,0,0.04206498,0.000214305,0.009046726,0.000107152,0.02077609,0.000600819,0.018721059,0.002150702,0.000818951,0.004867782,0.000187517,0.001672343,1.91E-05,0.000505147,2.68E-05,0.000275535,3.83E-06,0,8.42E-05,0,0.002740041,3.06E-05,21-Feb
ECONFO AND PRE-ARRIVAL EMAIL|MOBILE,0.000143607,0.000655208,0,0,0.009361397,0.004254364,0.071426648,0,0.000215411,0.000655208,0.071929273,0.000269264,0.013211866,0.00307858,0.030678095,0.055486245,0.000502625,0.005573756,0.000484674,0.005286541,0.000143607,0.001543778,4.49E-05,0.000933447,0,0.000143607,0,0,0,0.000260288,0.00179509,21-Feb
EMAIL|DESKTOP,0.006719988,6.89E-05,0,0,0.050040182,0.159174926,0.076835942,0.000750067,3.83E-05,0.003624048,4.97E-05,0.259810187,0.00143125,0.084229459,0.002403276,0.122444606,0.005418851,0.002234893,0.023653898,0.00055107,0.004963453,9.57E-05,0.001331752,6.51E-05,0.001637901,3.83E-05,0,0.000956718,3.83E-06,0.017882974,0.000164556,21-Feb
EMAIL|MOBILE,0.000780864,0.001768164,0,0,0.03544406,0.01746623,0.173163398,8.08E-05,0.001050128,0.000152583,0.005421173,0.004873671,0.184562222,0.011964278,0.079585334,0.15701656,0.002001526,0.013122111,0.002225912,0.016057084,0.000780864,0.003626083,0.000116681,0.001229637,5.39E-05,0.000457748,0,8.98E-06,0.000260288,0.000960373,0.007691962,21-Feb
NATURAL SEARCH|DESKTOP,0.008949192,0.000122088,7.83E-07,0,0.145481695,0.089682094,0.065664451,0.000433568,5.71E-05,0.003148456,0.000124436,0.013087655,0.000439046,0.308070551,0.005065078,0.18507101,0.009108845,0.001834447,0.105755422,0.001090181,0.033488056,0.00017061,0.00300289,0.000104088,0.001298357,2.74E-05,0,0.000198001,2.35E-06,0.018293604,0.000228523,21-Feb
NATURAL SEARCH|MOBILE,0.000700731,0.004074622,0,2.36E-06,0.143527202,0.012294647,0.115266738,6.61E-05,0.00074084,0.00018403,0.008137447,0.001047558,0.028510557,0.021406511,0.383297589,0.171226138,0.001156088,0.013219518,0.003251204,0.042456759,0.00126226,0.031853776,0.000165155,0.002423067,6.37E-05,0.000865887,0,7.08E-06,0.000158077,0.001392025,0.01124237,21-Feb
Null,0,0,0,0,0,0,0,0,0,0,0,0,0,0,0,1,0,0,0,0,0,0,0,0,0,0,0,0,0,0,0,21-Feb
OTHER|DESKTOP,0.010583306,0.000399028,0,0,0.125222186,0.357347553,0.04252367,0.001151739,4.53E-05,0.004516269,0.00030834,0.008724199,0.001432873,0.112299126,0.005087605,0.078681032,0.195033917,0.001396597,0.013739253,0.00122429,0.013376501,0.000235789,0.003681939,0.000190445,0.000834331,3.63E-05,0,9.98E-05,0,0.021329851,0.000498785,21-Feb
OTHER|MOBILE,0.002437485,0.001538979,0,0,0.027250066,0.037525285,0.150783082,0.000244209,0.00046538,0.000898506,0.002432877,0.00519751,0.007312454,0.034659282,0.033548821,0.030374101,0.002308469,0.63277841,0.006773351,0.007671856,0.001608095,0.002921296,0.000691158,0.001870735,0.000225778,0.000267248,0,4.15E-05,1.84E-05,0.004137734,0.004017933,21-Feb
PAID SEARCH|DESKTOP,0.011430113,0.000244385,0,0,0.187321484,0.093271253,0.08311398,0.000389489,0.000104373,0.003492676,0.000140013,0.014378013,0.000725519,0.181285671,0.004902984,0.07553803,0.004600048,0.002731517,0.302175031,0.003065001,0.011488664,0.000190926,0.002062003,0.000114556,0.001420491,3.31E-05,0,0.000221474,0,0.01525882,0.000300391,21-Feb
PAID SEARCH|MOBILE,0.001094448,0.005747943,0,0,0.131124943,0.015096704,0.132294582,0.000125319,0.000910648,0.00029241,0.004603367,0.001044321,0.010894356,0.020585655,0.136321484,0.163941685,0.001144576,0.010936129,0.007552529,0.335469318,0.001211412,0.006942646,0.000208864,0.001528886,5.01E-05,0.000852166,0,8.35E-06,3.34E-05,0.001487113,0.008496596,21-Feb
REFERRAL ENGINE|DESKTOP,0.011778269,0.000146861,7.34E-06,0,0.204379401,0.077094792,0.051930123,0.000609474,8.08E-05,0.003524669,8.08E-05,0.012923786,0.000638846,0.203813986,0.005316376,0.067982054,0.01919476,0.00179905,0.039439578,0.001211605,0.258835537,0.001035372,0.002709589,0.000117489,0.00717417,5.87E-05,0,0.000154204,0,0.027661309,0.000301065,21-Feb
REFERRAL ENGINE|MOBILE,0.000373014,0.003133315,0,0,0.241489071,0.006589909,0.081640266,9.95E-05,0.000472484,7.46E-05,0.00606769,0.000547087,0.01099147,0.012085644,0.226667993,0.07049959,0.000994703,0.028000895,0.001740731,0.030487653,0.004053416,0.238679034,7.46E-05,0.001790466,9.95E-05,0.008206301,0,0,4.97E-05,0.001168776,0.023922612,21-Feb
RESLINK|DESKTOP,0.019918756,0.000112061,0,0,0.139095111,0.086286595,0.068356913,0.000308166,5.60E-05,0.005182799,0.000140076,0.009497128,0.000168091,0.122005883,0.002577392,0.186608769,0.00879675,0.001344726,0.023504693,0.000504272,0.00879675,0.000140076,0.296624177,0.00218518,0.001456787,2.80E-05,0,0.000140076,0,0.016024653,0.000140076,21-Feb
RESLINK|MOBILE,0.000625684,0.009906669,0,0,0.085770895,0.007299651,0.125501851,5.21E-05,0.000625684,0.000156421,0.007456072,0.000364983,0.007038949,0.009385265,0.058866469,0.287814797,0.001147088,0.016111372,0.001355649,0.010688774,0.000573544,0.003649825,0.006569686,0.350956776,0,0.001720632,0,0,0,0.000573544,0.00578758,21-Feb
SOCIAL MEDIA|DESKTOP,0.009958338,0,0,0,0.031907326,0.14002642,0.044812519,0.017477899,0,0.004064628,0.000101616,0.026420079,0.000101616,0.129255157,0.001829082,0.055278935,0.006096941,0.001219388,0.03607357,0.000304847,0.318260339,0,0.003759781,0,0.125190529,0.000406463,0,0.000304847,0,0.04714968,0,21-Feb
SOCIAL MEDIA|MOBILE,0.000320307,0.001601537,0,0,0.060538117,0.011851377,0.109545163,0,0.014413837,0,0.002242152,0.000960922,0.01409353,0.00768738,0.092568866,0.227738629,0.000960922,0.005765535,0.000640615,0.020819987,0,0.257847534,0,0.005445227,0.000960922,0.123959001,0,0,0.000320307,0.002242152,0.037475977,21-Feb
Start,0.008672669,0.001945406,6.26E-06,0,0,0.186399178,0.339510576,0.002004851,0.00152241,0.003929607,0.003151821,0.031252894,0.011273844,0.223142259,0.074827736,0,0.008329767,0.006900591,0.025198295,0.016703335,0.012350731,0.005097852,0.006112167,0.003731876,0.000764021,0.000547517,0,0.000523739,4.32E-05,0.021041546,0.005015881,21-Feb
TEST|DESKTOP,0.007227332,0,0,0,0.007227332,0.211563732,0.105124836,0.00065703,0,0.004270696,0.000328515,0.044678055,0.00065703,0.189881735,0.003285151,0.109395532,0.006241787,0.000985545,0.04434954,0.00065703,0.005913272,0,0.005913272,0,0.002956636,0,0,0.224375821,0.00065703,0.023324573,0.000328515,21-Feb
TEST|MOBILE,0.005434783,0,0,0,0.005434783,0.035326087,0.277173913,0,0,0,0.005434783,0.002717391,0.046195652,0.035326087,0.138586957,0.111413043,0,0.010869565,0.002717391,0.032608696,0,0.010869565,0,0.002717391,0,0.002717391,0,0,0.25,0.005434783,0.019021739,21-Feb
UNPAID REFERRER|DESKTOP,0.009903772,0.000103224,0,0,0.095671472,0.138509445,0.075342073,0.00077418,6.88E-05,0.003113925,9.18E-05,0.020495705,0.000470243,0.13575107,0.003458005,0.118919818,0.028334996,0.002701029,0.035468924,0.001037975,0.042350526,0.000160571,0.003240088,5.16E-05,0.001783482,4.01E-05,0,0.000263795,5.73E-06,0.280878322,0.001009302,21-Feb
UNPAID REFERRER|MOBILE,0.000758725,0.00519435,0,0,0.104237189,0.014444963,0.158719505,0,0.001721723,0.000116727,0.005573713,0.000933816,0.017917591,0.014707599,0.146346446,0.170742384,0.001809268,0.041175441,0.003034901,0.033850823,0.001196451,0.028218746,0.00017509,0.003764445,0.000145909,0.001984359,0,0,2.92E-05,0.006507529,0.236693125,21-Feb
AFFILIATE|DESKTOP,0.236893723,0.000927247,0,0,0.230991441,0.09021933,0.077148716,0.000436876,5.35E-05,0.003093795,8.02E-05,0.013222183,0.000463623,0.111278531,0.002844151,0.143955064,0.010074893,0.00256776,0.032578459,0.00139087,0.005920114,0.00010699,0.020791726,8.02E-05,0.001078816,1.78E-05,0,4.46E-05,0,0.013596648,0.000142653,21-Mar
AFFILIATE|MOBILE,0.007854051,0.180766852,0,0,0.204638219,0.013605442,0.109461967,0.000185529,0.000556586,6.18E-05,0.002782931,0.000803958,0.009276438,0.014162028,0.101546073,0.228880643,0.002164502,0.012244898,0.003586889,0.044032158,0.000618429,0.005132962,0.000556586,0.045021645,0,0.000371058,0,0,0,0.001360544,0.010327767,21-Mar
B2B|DESKTOP,0.032258065,0,0.129032258,0,0.258064516,0.161290323,0.096774194,0,0,0,0,0.032258065,0,0.032258065,0.064516129,0.129032258,0.032258065,0,0.032258065,0,0,0,0,0,0,0,0,0,0,0,0,21-Mar
B2B|MOBILE,0,0,0,0,0,0,0,0,0,0,0,0,0,0,1,0,0,0,0,0,0,0,0,0,0,0,0,0,0,0,0,21-Mar
CONVERSION,0,0,0,0,1,0,0,0,0,0,0,0,0,0,0,0,0,0,0,0,0,0,0,0,0,0,0,0,0,0,0,21-Mar
DIRECT|DESKTOP,0.007420565,0.000170096,9.72E-07,0,0.111814877,0.455171894,0.125639804,0.000728011,0.000126843,0.007084261,0.000176414,0.022288425,0.000864088,0.094164731,0.004084251,0.091682299,0.022356463,0.003195863,0.025471652,0.001296133,0.006025777,9.04E-05,0.002347327,0.000121497,0.001143532,3.89E-05,0,0.00010789,9.72E-07,0.016142609,0.00024348,21-Mar
DIRECT|MOBILE,0.003315607,0.000819224,1.78E-06,1.97E-07,0.009439643,0.071762302,0.74693655,0.000520606,0.000332785,0.000929428,0.001853327,0.006046025,0.006053135,0.051647464,0.016881983,0.045028891,0.003658464,0.008389938,0.009162553,0.005684405,0.001682491,0.000841344,0.001099277,0.001049508,0.000200856,0.000123042,0,2.25E-05,4.15E-06,0.005013897,0.001498619,21-Mar
DISPLAY|DESKTOP,0.005435997,0.000148931,0,0,0.205376424,0.131283044,0.066051083,0.22071636,0.00156378,0.001712711,0.000148931,0.014967607,0.000595726,0.067465932,0.002755231,0.22332266,0.011765582,0.000819123,0.018020701,0.000819123,0.006925311,0.000148931,0.002308437,0,0.005659394,0,0,0,0,0.011914513,7.45E-05,21-Mar
DISPLAY|MOBILE,0.000530434,0.000663042,0,0,0.159925739,0.015249967,0.25142554,0.001856518,0.215356054,0.000132608,0.003182602,0.000928259,0.014321708,0.014056491,0.057949874,0.213366927,0.000663042,0.007160854,0.00331521,0.019228219,0.00079565,0.003845644,0.000132608,0.002121735,0,0.004773903,0,0,0,0.000928259,0.008089113,21-Mar
ECONFO AND PRE-ARRIVAL EMAIL|DESKTOP,0.001403066,0,0,0,0.013713415,0.04022122,0.024254396,0.00011774,3.27E-06,0.050072116,0.000202774,0.010387266,0.000127551,0.026641898,0.000722791,0.0224883,0.002531405,0.000722791,0.00630562,0.000192962,0.001952518,9.81E-06,0.000719521,2.94E-05,0.000277997,0,0,3.60E-05,0,0.003591064,4.58E-05,21-Mar
ECONFO AND PRE-ARRIVAL EMAIL|MOBILE,0.000216767,0.001436081,0,0,0.038367745,0.016067848,0.239391969,8.13E-05,0.000704492,0.001652848,0.257221048,0.000839972,0.051102802,0.012220235,0.112745895,0.208475587,0.003034737,0.017178779,0.00235734,0.020484474,0.000487726,0.004877256,0.000270959,0.002845066,2.71E-05,0.000569013,0,2.71E-05,0,0.001219314,0.00609657,21-Mar
EMAIL|DESKTOP,0.006825637,5.23E-05,6.54E-06,0,0.068537639,0.134128513,0.068275995,0.000663922,4.58E-05,0.003734968,3.92E-05,0.233291579,0.001592758,0.08877253,0.002312279,0.130161336,0.005716921,0.001645086,0.02582099,0.000663922,0.005209986,5.23E-05,0.001648357,5.56E-05,0.001318032,3.27E-05,0,0.000369572,0,0.012159904,9.48E-05,21-Mar
EMAIL|MOBILE,0.000635932,0.001657711,0,0,0.042728936,0.01292586,0.13048045,9.29E-05,0.000971762,0.000171487,0.005001715,0.004251458,0.160197782,0.014526409,0.071217274,0.247491997,0.002486567,0.010689379,0.00255802,0.016362753,0.001007488,0.00290814,0.000214359,0.001307591,3.57E-05,0.000407282,0,0,9.29E-05,0.001114668,0.004758774,21-Mar
NATURAL SEARCH|DESKTOP,0.009026408,0.000108481,1.10E-06,0,0.157472058,0.085992768,0.065219154,0.000485974,4.33E-05,0.003504274,0.000121083,0.012150997,0.000560487,0.324547995,0.005201622,0.166917598,0.009103112,0.001539557,0.10668146,0.001188363,0.026656257,0.000137519,0.003607824,0.000110125,0.00126945,2.85E-05,0,7.01E-05,5.48E-07,0.018067609,0.000186281,21-Mar
NATURAL SEARCH|MOBILE,0.000710978,0.003694876,0,0,0.157842679,0.012035055,0.108365229,8.47E-05,0.000672298,0.000182349,0.007992058,0.000978055,0.025919391,0.025477332,0.392723341,0.154853255,0.001361173,0.013436751,0.003567784,0.046150956,0.00109778,0.026210413,0.000222871,0.00307231,6.63E-05,0.000849122,0,0,5.16E-05,0.001401695,0.01097964,21-Mar
Null,0,0,0,0,0,0,0,0,0,0,0,0,0,0,0,1,0,0,0,0,0,0,0,0,0,0,0,0,0,0,0,21-Mar
OTHER|DESKTOP,0.008903456,0.000387107,1.29E-05,0,0.121364422,0.307001471,0.050446463,0.001309711,6.45E-05,0.004638829,0.000412914,0.009238948,0.001832305,0.114848125,0.006142094,0.072808331,0.243896617,0.001671011,0.014987484,0.001651656,0.011903533,0.000303234,0.004180753,0.000212909,0.000722599,7.10E-05,0,7.10E-05,0,0.020439237,0.000477432,21-Mar
OTHER|MOBILE,0.002675425,0.001485306,0,0,0.030929043,0.044596671,0.146351863,0.000192106,0.000398268,0.001007384,0.002141277,0.005472674,0.007075118,0.036373604,0.042174263,0.026351301,0.002478634,0.619419559,0.006559712,0.007815428,0.001386911,0.003307969,0.000684084,0.001808606,0.000206162,0.000206162,0,4.69E-06,4.69E-06,0.004362209,0.004530887,21-Mar
PAID SEARCH|DESKTOP,0.011334426,0.000175422,0,0,0.198062479,0.089214753,0.082333904,0.000445716,9.67E-05,0.003451165,0.000137832,0.012678734,0.000665889,0.186185676,0.005089036,0.068575786,0.004754301,0.001958285,0.303235288,0.002926688,0.01002413,0.000132462,0.002518563,0.000109191,0.001290607,4.48E-05,0,6.98E-05,1.79E-06,0.014232474,0.000254183,21-Mar
PAID SEARCH|MOBILE,0.001133375,0.005023782,0,0,0.140678624,0.013804257,0.126116661,0.000133713,0.000713135,0.000191018,0.004297912,0.000955092,0.011321019,0.022400082,0.143371983,0.183963375,0.001432637,0.008805944,0.007214125,0.309736204,0.000916888,0.006004342,0.000152815,0.001579085,5.73E-05,0.000738604,0,6.37E-06,6.37E-06,0.001324394,0.007920893,21-Mar
REFERRAL ENGINE|DESKTOP,0.010151457,0.000137859,1.25E-05,0,0.173452059,0.082972497,0.055895678,0.000526372,3.76E-05,0.004330035,0.000137859,0.013203161,0.000714362,0.218268863,0.005533171,0.058934849,0.021618844,0.00155405,0.041702437,0.001221935,0.262177049,0.000695563,0.003446482,0.000106528,0.009825608,6.27E-05,0,3.76E-05,0,0.032860643,0.000382246,21-Mar
REFERRAL ENGINE|MOBILE,0.00048526,0.003396822,0,0,0.229139876,0.005968701,0.081353876,4.85E-05,0.000776416,0.000145578,0.005410651,0.000606575,0.011670508,0.01458207,0.229042824,0.069489264,0.00128594,0.035521048,0.002135145,0.031032391,0.003057139,0.232949169,0.000145578,0.002402038,9.71E-05,0.012543977,0,0,0,0.000776416,0.025937159,21-Mar
RESLINK|DESKTOP,0.023247572,0.000248069,0,0,0.133514069,0.078726345,0.064958537,0.000389822,3.54E-05,0.004713304,0.000124034,0.009497484,0.000478418,0.134045645,0.002250337,0.190250904,0.008416614,0.001382097,0.026118081,0.00065561,0.007920476,0.000106315,0.293571479,0.002144022,0.001027713,3.54E-05,0,5.32E-05,0,0.015911829,0.000177192,21-Mar
RESLINK|MOBILE,0.000796261,0.014575039,0,0,0.086377012,0.006058508,0.119889216,0.00010386,0.000415441,0.0001731,0.006404708,0.000553921,0.00737407,0.009728233,0.065674225,0.282395707,0.001073221,0.013605678,0.001280942,0.010524494,0.000484681,0.003046564,0.006508568,0.356482603,0.00013848,0.000623161,0,0,3.46E-05,0.00031158,0.005366107,21-Mar
SOCIAL MEDIA|DESKTOP,0.008825634,0,0,0,0.030293393,0.129045082,0.048978294,0.014232329,0,0.003896001,0,0.021706289,0.000238531,0.157748271,0.002146776,0.053907927,0.006599348,0.001431184,0.03291723,0.000874612,0.302218335,0.000238531,0.004850123,0,0.132225491,7.95E-05,0,0.000238531,0,0.047070049,0.000238531,21-Mar
SOCIAL MEDIA|MOBILE,0.000872347,0.001453911,0,0,0.074731026,0.009305031,0.095958127,0,0.018610061,0,0.003780169,0.000581564,0.013666764,0.010758942,0.104390811,0.170979936,0.001163129,0.009014248,0.001744693,0.024134923,0.001453911,0.283803431,0,0.007269555,0.000872347,0.128525734,0,0,0,0.000872347,0.036056993,21-Mar
Start,0.010029306,0.002002883,3.97E-06,0,0,0.183237731,0.313118859,0.002035147,0.001421129,0.004206302,0.00302542,0.025558474,0.012788668,0.248423505,0.076678401,0,0.008307869,0.005758971,0.028707493,0.019012249,0.011391366,0.003995838,0.007771782,0.004418256,0.000782291,0.000414972,0,0.000422914,3.52E-05,0.021636596,0.004814365,21-Mar
TEST|DESKTOP,0.007808687,0,0,0,0.003904344,0.245485603,0.08443143,0.002440215,0,0.003416301,0,0.057589068,0,0.214738897,0.002440215,0.031722792,0.010248902,0.000488043,0.036115178,0,0.009272816,0,0.007808687,0.000488043,0.002928258,0,0,0.252318204,0,0.025866276,0.000488043,21-Mar
TEST|MOBILE,0,0.010928962,0,0,0.005464481,0.043715847,0.256830601,0,0,0,0.005464481,0.005464481,0.081967213,0.032786885,0.202185792,0.038251366,0,0,0,0.038251366,0,0.005464481,0,0.010928962,0,0.005464481,0,0,0.234972678,0,0.021857923,21-Mar
UNPAID REFERRER|DESKTOP,0.009543719,0.000116387,0,0,0.103270917,0.131288805,0.076922733,0.000765467,5.82E-05,0.003670661,9.40E-05,0.016441876,0.000519264,0.149512294,0.003621421,0.108790338,0.030529157,0.002453076,0.037163206,0.000957953,0.041415801,8.51E-05,0.004216784,7.61E-05,0.001839807,2.69E-05,0,0.000107434,0,0.275518929,0.000993764,21-Mar
UNPAID REFERRER|MOBILE,0.000613654,0.005369471,0,0,0.115980568,0.013935055,0.140092048,0.000102276,0.001661979,0.000127845,0.006468934,0.000843774,0.015443621,0.01569931,0.159294298,0.145870621,0.001892099,0.044336487,0.002914856,0.038941447,0.001457428,0.024546152,0.000153413,0.004730248,7.67E-05,0.001687548,0,0,0,0.007082588,0.250677576,21-Mar
AFFILIATE|DESKTOP,0.245636077,0.000843651,0,0,0.219446468,0.081020879,0.070551105,0.000443069,7.28E-05,0.002755523,9.71E-05,0.013619811,0.000461277,0.11426924,0.002798009,0.169009468,0.007598932,0.001905802,0.032708182,0.001377762,0.004570284,0.00010318,0.019476815,0.000151736,0.000631221,0,0,1.21E-05,0,0.010342316,9.71E-05,21-Apr
AFFILIATE|MOBILE,0.007835074,0.16887086,0,0,0.199377639,0.011058013,0.099855523,0.000111136,0.000722383,0.000111136,0.003111803,0.000722383,0.011224717,0.013336297,0.104078684,0.257835074,0.001389198,0.010946877,0.00211158,0.034896644,0.00027784,0.004723272,0.00027784,0.054845521,5.56E-05,0.000333407,0,0,0,0.00133363,0.010557902,21-Apr
B2B|DESKTOP,0.026315789,0,0.236842105,0,0.236842105,0,0.157894737,0,0,0,0,0,0,0.131578947,0,0.105263158,0,0,0.078947368,0,0,0,0.026315789,0,0,0,0,0,0,0,0,21-Apr
B2B|MOBILE,0,0,0,0,0,0,0,0,0,0,0,0,0,0,0,1,0,0,0,0,0,0,0,0,0,0,0,0,0,0,0,21-Apr
CONVERSION,0,0,0,0,1,0,0,0,0,0,0,0,0,0,0,0,0,0,0,0,0,0,0,0,0,0,0,0,0,0,0,21-Apr
DIRECT|DESKTOP,0.0098116,0.000161002,9.10E-07,0,0.111587448,0.444282229,0.126588876,0.000724056,9.91E-05,0.007942789,0.000204209,0.023743317,0.000871869,0.100843944,0.004133306,0.091723654,0.019480844,0.002807537,0.025422017,0.00120479,0.008824209,9.19E-05,0.002656996,0.000124163,0.000807741,1.32E-05,0,1.59E-05,9.10E-07,0.015622243,0.000209212,21-Apr
DIRECT|MOBILE,0.004422241,0.00081511,1.42E-06,1.78E-07,0.008542107,0.069334035,0.757765039,0.000502592,0.000295967,0.001020134,0.002044895,0.006948371,0.005198375,0.047691431,0.016792163,0.04464153,0.003256348,0.006907793,0.008146298,0.005153526,0.001066762,0.000864764,0.001280506,0.001152723,0.000131343,7.08E-05,0,4.98E-06,3.56E-07,0.004580458,0.001367712,21-Apr
DISPLAY|DESKTOP,0.009385299,0.000143287,0,0,0.202177962,0.129818026,0.068921049,0.235850408,0.000931366,0.003438888,7.16E-05,0.016048144,0.000644792,0.066986674,0.00143287,0.21686488,0.009600229,0.000429861,0.014973492,0.000358218,0.006161341,0,0.001647801,0,0.004155323,7.16E-05,0,0,0,0.009743516,0.000143287,21-Apr
DISPLAY|MOBILE,0.002074115,0.002488938,0,0,0.158324115,0.015348451,0.238246681,0.001935841,0.217367257,0,0.004701327,0.000553097,0.015348451,0.013550885,0.062223451,0.226769912,0.000829646,0.006084071,0.002903761,0.012997788,0.000414823,0.002627212,0.000414823,0.001935841,0.000138274,0.00414823,0,0,0,0.00096792,0.007605088,21-Apr
ECONFO AND PRE-ARRIVAL EMAIL|DESKTOP,0.00877381,0.000138667,0,0,0.055781764,0.201116896,0.123350183,0.000592484,2.52E-05,0.239981343,0.001247999,0.058038247,0.000768969,0.130056601,0.003693572,0.102726688,0.012971624,0.002722906,0.030040213,0.000983272,0.006706418,8.82E-05,0.003151512,0.000163879,0.001121938,0,0,0,0,0.015593682,0.000163879,21-Apr
ECONFO AND PRE-ARRIVAL EMAIL|MOBILE,0.000757491,0.001113958,0,0,0.03413167,0.016085552,0.241728863,2.23E-05,0.00080205,0.001982845,0.2629609,0.001136237,0.050885597,0.010894508,0.119327169,0.200891166,0.00291857,0.015149827,0.002138799,0.0216999,0.000401025,0.003564665,0.000311908,0.003542386,8.91E-05,0.000289629,0,0,2.23E-05,0.001225354,0.005926256,21-Apr
EMAIL|DESKTOP,0.009091476,5.67E-05,2.83E-06,0,0.066416786,0.142078035,0.083746969,0.000660116,5.38E-05,0.004963623,6.52E-05,0.221816142,0.001371229,0.086517758,0.002249496,0.104066091,0.006125201,0.001739534,0.025016432,0.000589289,0.003847374,7.65E-05,0.001940686,9.63E-05,0.000980259,5.67E-06,0,4.25E-05,0,0.01153079,0.000110492,21-Apr
EMAIL|MOBILE,0.001085575,0.001727653,0,0,0.037220663,0.014258102,0.131248676,5.30E-05,0.000747988,0.000172103,0.006050095,0.004322442,0.159592777,0.013119572,0.072899015,0.218273406,0.002005666,0.010365918,0.002369731,0.016581498,0.00051631,0.002886041,0.000278013,0.001542311,0,0.00031111,0,0,6.62E-06,0.000920091,0.004335681,21-Apr
NATURAL SEARCH|DESKTOP,0.012507129,0.000128159,1.59E-06,0,0.154539335,0.093399665,0.068712158,0.000497807,4.77E-05,0.004296496,0.000119156,0.014555022,0.000610608,0.334551018,0.005514004,0.162131418,0.008225462,0.001339842,0.099610069,0.00115131,0.015236593,0.000182176,0.004289611,0.00012604,0.001034803,1.43E-05,0,1.27E-05,5.30E-07,0.01700063,0.0001647,21-Apr
NATURAL SEARCH|MOBILE,0.0010521,0.003842074,0,0,0.159938263,0.012854368,0.111557299,5.73E-05,0.000626746,0.000236115,0.00912167,0.001118073,0.027457026,0.023427449,0.39641418,0.155846185,0.001265645,0.012890826,0.003322969,0.045472933,0.000720497,0.017311034,0.00019792,0.003430609,5.38E-05,0.000598968,0,0,6.94E-06,0.001147587,0.010031407,21-Apr
Null,0,0,0,0,0,0,0,0,0,0,0,0,0,0,0,1,0,0,0,0,0,0,0,0,0,0,0,0,0,0,0,21-Apr
OTHER|DESKTOP,0.010460062,0.00022571,1.29E-05,0,0.102272581,0.307578708,0.054834716,0.001205938,4.51E-05,0.005616963,0.000561051,0.011769182,0.001799234,0.110153096,0.00569435,0.069183444,0.262739737,0.001973353,0.016986316,0.001625114,0.009009067,0.000238608,0.004417474,0.000303097,0.000786762,3.87E-05,0,1.29E-05,0,0.020055976,0.00039983,21-Apr
OTHER|MOBILE,0.003263018,0.001537384,0,0,0.040400766,0.046466633,0.141868078,7.84E-05,0.000402648,0.000836671,0.002394972,0.006322098,0.007707834,0.03276614,0.047486326,0.037237102,0.002431576,0.598371628,0.006510349,0.008931466,0.001024922,0.002719182,0.000664108,0.001934802,0.000146417,0.000188251,0,5.23E-06,0,0.004214732,0.004089231,21-Apr
PAID SEARCH|DESKTOP,0.016926717,0.000154997,1.78E-06,0,0.18210874,0.093625179,0.085175182,0.00040798,8.02E-05,0.004277555,0.000185284,0.014585731,0.000723318,0.187410699,0.004933173,0.070167218,0.005141617,0.001902719,0.303503283,0.002704426,0.008321723,0.000156778,0.002868331,0.000151434,0.000976302,2.32E-05,0,1.25E-05,1.78E-06,0.013240644,0.000231604,21-Apr
PAID SEARCH|MOBILE,0.00204683,0.004854092,0,0,0.136320142,0.013656095,0.126238079,8.24E-05,0.000576661,0.000253477,0.004898451,0.001102627,0.011831057,0.018865055,0.149260163,0.188118247,0.001362441,0.009308957,0.006647445,0.307981369,0.000411901,0.005481449,0.000152086,0.0018187,4.44E-05,0.000481607,0,0,0,0.001077279,0.007129052,21-Apr
REFERRAL ENGINE|DESKTOP,0.01258596,0.000154534,0,0,0.139862121,0.106156475,0.05576971,0.000832768,5.15E-05,0.005099632,0.000154534,0.015504941,0.000712575,0.228650658,0.005236996,0.054293049,0.020467209,0.001236274,0.045493179,0.001210519,0.25767735,0.000841353,0.003708823,0.000145949,0.009306399,2.58E-05,0,0,0,0.034598511,0.000223216,21-Apr
REFERRAL ENGINE|MOBILE,0.000577209,0.00368314,0,0,0.242565005,0.006211863,0.083337914,0.000137431,0.000604695,8.25E-05,0.005991974,0.000632181,0.012258809,0.013138365,0.220741026,0.070556869,0.000797097,0.024655049,0.002253862,0.032516079,0.002473751,0.24146556,0.000247375,0.002721126,2.75E-05,0.006926502,0,2.75E-05,0,0.00049475,0.024874938,21-Apr
RESLINK|DESKTOP,0.027199608,0.000216213,4.32E-05,0,0.12554774,0.079782634,0.067011647,0.000216213,5.77E-05,0.004569304,0.000100899,0.010695341,0.00044684,0.132783672,0.0025369,0.197993542,0.007466559,0.000908095,0.026377998,0.000432426,0.005073801,0.000115314,0.293559732,0.002940498,0.001124308,0,0,2.88E-05,1.44E-05,0.012612431,0.000144142,21-Apr
RESLINK|MOBILE,0.001102824,0.015932902,0,0,0.080070813,0.006965203,0.120410947,2.90E-05,0.000406304,0.000116087,0.007400528,0.000435325,0.008735525,0.009983458,0.063702586,0.276663668,0.001160867,0.011550628,0.001451084,0.011289433,0.000203152,0.003192385,0.007719767,0.365005659,2.90E-05,0.000609455,0,0,0,0.00052239,0.005310967,21-Apr
SOCIAL MEDIA|DESKTOP,0.012440758,0.000197472,0,0,0.035446288,0.138329384,0.053021327,0.01471169,0.000197472,0.004146919,9.87E-05,0.026066351,0.000394945,0.166962875,0.001777251,0.046208531,0.008293839,0.001777251,0.036236177,0.000789889,0.246248025,0.000197472,0.006022907,9.87E-05,0.147511848,0,0,0,0,0.052725118,9.87E-05,21-Apr
SOCIAL MEDIA|MOBILE,0.001207729,0.002012882,0,0,0.104669887,0.007246377,0.102657005,0.000402576,0.017310789,0,0.006441224,0,0.018115942,0.012882448,0.104669887,0.157004831,0.000805153,0.010064412,0.002012882,0.031803543,0,0.175925926,0.000402576,0.009661836,0,0.174718196,0,0,0,0.001207729,0.058776167,21-Apr
Start,0.015091319,0.002357509,3.83E-06,0,0,0.193963856,0.316651647,0.001936628,0.001316811,0.005010786,0.003344998,0.025003116,0.012555007,0.234243804,0.076861608,0,0.009046546,0.005749485,0.029398878,0.01812473,0.00706342,0.004168065,0.009297733,0.004850678,0.000671588,0.000324529,0,1.34E-05,2.88E-06,0.018582522,0.004364604,21-Apr
TEST|DESKTOP,0.003759398,0,0,0,0.033834586,0.172932331,0.101503759,0,0,0,0,0.045112782,0,0.097744361,0,0.041353383,0.003759398,0,0.037593985,0,0.007518797,0.003759398,0.003759398,0,0,0,0,0.413533835,0,0.033834586,0,21-Apr
TEST|MOBILE,0.05,0,0,0,0.1,0,0.1,0,0,0,0.1,0,0.05,0.1,0.25,0.15,0,0.05,0,0,0,0,0,0,0,0,0,0,0.05,0,0,21-Apr
UNPAID REFERRER|DESKTOP,0.010415702,0.000157463,4.63E-06,0,0.09677016,0.143388414,0.082283581,0.000690058,6.48E-05,0.004538634,7.41E-05,0.018701024,0.000629851,0.149677664,0.003654063,0.108556714,0.030501473,0.00227858,0.038564495,0.00088457,0.023712047,0.000138938,0.004325596,0.000106519,0.001333803,4.63E-06,0,5.09E-05,0,0.277593042,0.000898464,21-Apr
UNPAID REFERRER|MOBILE,0.00088992,0.005932798,0,0,0.115770455,0.013025187,0.145946821,0.000134836,0.001429265,8.09E-05,0.006553045,0.000997789,0.01752872,0.015209536,0.158189957,0.16180357,0.001321396,0.04185319,0.00285853,0.037079985,0.000404509,0.016396095,0.000188771,0.005393452,0,0.001860741,0,0,0,0.006580012,0.242570519,21-Apr
AFFILIATE|DESKTOP,0.261376457,0.000576658,0,0,0.196464836,0.094942961,0.078621035,0.000591701,0.000110317,0.003123981,9.53E-05,0.016998872,0.00051147,0.121539426,0.00296352,0.146506205,0.006874765,0.001258619,0.031099411,0.001434123,0.004803811,8.52E-05,0.019155071,0.000115332,0.000722076,5.01E-06,0,1.50E-05,0,0.009843299,0.000165476,21-May
AFFILIATE|MOBILE,0.011185827,0.171796198,0,0,0.196042933,0.014935989,0.110241821,6.47E-05,0.000581922,6.47E-05,0.003620846,0.001487133,0.009892668,0.012414328,0.105586448,0.236130868,0.001293159,0.00918143,0.001875081,0.025927842,0.000581922,0.004073451,0.000452606,0.070994439,0,0.000193974,0,0,0,0.000905211,0.010474589,21-May
B2B|DESKTOP,0,0,0.243902439,0,0.243902439,0.219512195,0.024390244,0,0,0,0,0,0,0.12195122,0,0.048780488,0.024390244,0,0,0,0.024390244,0,0.024390244,0,0,0,0,0,0,0.024390244,0,21-May
B2B|MOBILE,0,0,0,0.6,0.2,0,0,0,0,0,0,0,0,0,0,0,0,0,0,0,0.2,0,0,0,0,0,0,0,0,0,0,21-May
CONVERSION,0,0,0,0,1,0,0,0,0,0,0,0,0,0,0,0,0,0,0,0,0,0,0,0,0,0,0,0,0,0,0,21-May
DIRECT|DESKTOP,0.011489457,0.000135238,4.95E-06,0,0.114384539,0.450091822,0.128319412,0.001026654,0.000119158,0.008301881,0.000195435,0.020665849,0.000707113,0.10275366,0.003985398,0.089605888,0.013514728,0.001716038,0.022235517,0.001049331,0.009837327,0.000105552,0.002865973,0.000129466,0.000661347,1.15E-05,0,4.08E-05,2.06E-06,0.015859541,0.000184303,21-May
DIRECT|MOBILE,0.004652685,0.000698261,4.88E-07,0,0.00872533,0.072993269,0.764772707,0.000577276,0.000293517,0.001070482,0.001880132,0.006368416,0.003892469,0.048935641,0.015688422,0.041412997,0.002508632,0.004279163,0.006944554,0.00398402,0.000978768,0.000681024,0.001410994,0.001170326,0.00010456,5.11E-05,0,6.50E-06,6.18E-06,0.004563248,0.001348875,21-May
DISPLAY|DESKTOP,0.010252453,5.51E-05,0,0,0.193859552,0.125289384,0.070719877,0.235420571,0.000496086,0.003527726,0.000110241,0.018189836,0.000606328,0.089185316,0.002590674,0.198158968,0.012126557,0.000330724,0.016260611,0.000661449,0.008102745,0.000165362,0.001818984,0.000110241,0.001874104,0,0,0.000110241,0,0.009866608,0.000110241,21-May
DISPLAY|MOBILE,0.00252738,0.001564569,0,0,0.161752317,0.019256228,0.193886148,0.001564569,0.246720424,0.000120351,0.0042123,0.001564569,0.014562523,0.017571308,0.066915393,0.223853653,0.000962811,0.006980383,0.003129137,0.016608497,0.000601757,0.0042123,0.000240703,0.001805271,0.000120351,0.003490191,0,0,0.000120351,0.000601757,0.00505476,21-May
ECONFO AND PRE-ARRIVAL EMAIL|DESKTOP,0.00927462,6.68E-05,0,0,0.05687246,0.196225575,0.121972944,0.000968658,7.79E-05,0.2463731,0.001079998,0.055580916,0.000545566,0.131603852,0.003885765,0.107498747,0.010477092,0.002416077,0.029304682,0.000846184,0.005789679,7.79E-05,0.003496075,0.000133608,0.000935256,2.23E-05,0,4.45E-05,1.11E-05,0.014329455,8.91E-05,21-May
ECONFO AND PRE-ARRIVAL EMAIL|MOBILE,0.000464561,0.001415804,0,0,0.035859658,0.015573843,0.227988674,0.000132732,0.00079639,0.002278559,0.263295284,0.000884877,0.04765065,0.012653747,0.117091408,0.220091142,0.002499779,0.01325104,0.001349438,0.021812229,0.000353951,0.003782851,0.000376073,0.003782851,0,0.000287585,0,0,4.42E-05,0.000906999,0.00537563,21-May
EMAIL|DESKTOP,0.010643897,0.000103291,0,0,0.09594017,0.120157002,0.07331943,0.000823869,5.41E-05,0.004657934,7.38E-05,0.220083715,0.001234574,0.095300749,0.002761806,0.101783492,0.005240791,0.001010777,0.027145872,0.00089027,0.004052944,8.61E-05,0.002102711,0.00010575,0.000602531,1.23E-05,0,0.000573019,0,0.010245488,0.000110669,21-May
EMAIL|MOBILE,0.001062624,0.001379301,0,0,0.040879375,0.01339892,0.114369357,7.04E-05,0.001069662,0.00012667,0.006094257,0.004447541,0.15990739,0.013947826,0.081596892,0.200561572,0.001928206,0.008789523,0.002294143,0.017600158,0.000534831,0.003152687,0.000232229,0.001907094,1.41E-05,0.000239266,0,2.11E-05,0.000619278,0.001013364,0.004630509,21-May
NATURAL SEARCH|DESKTOP,0.013806054,9.15E-05,9.73E-07,0,0.157942616,0.095382415,0.069832946,0.000732626,7.35E-05,0.004342729,0.000124537,0.023966978,0.000507389,0.332814431,0.00539448,0.162974674,0.007264961,0.000925268,0.088229342,0.001002131,0.012613226,0.000177076,0.004577694,0.000133293,0.000830893,1.12E-05,0,4.62E-05,9.73E-07,0.016040416,0.000159563,21-May
NATURAL SEARCH|MOBILE,0.001177217,0.003548937,1.73E-06,0,0.164402411,0.013837917,0.110506272,0.000108906,0.000764067,0.000252384,0.009047803,0.00137947,0.027748439,0.024446699,0.39941191,0.152844595,0.00099225,0.011208627,0.002931806,0.044706586,0.000726037,0.015393711,0.000288686,0.003714889,3.80E-05,0.000369933,0,3.46E-06,4.67E-05,0.001251549,0.008849007,21-May
Null,0,0,0,0,0,0,0,0,0,0,0,0,0,0,0,1,0,0,0,0,0,0,0,0,0,0,0,0,0,0,0,21-May
OTHER|DESKTOP,0.011791751,0.000163671,1.49E-05,0,0.117895191,0.264507202,0.062224735,0.001673908,8.18E-05,0.006293894,0.000446375,0.014060826,0.00145816,0.116109689,0.005252351,0.073101416,0.265228842,0.001354005,0.020555589,0.001368885,0.009559874,0.000245506,0.0043596,0.000252946,0.000557969,7.44E-06,0,2.98E-05,7.44E-06,0.020964766,0.000431496,21-May
OTHER|MOBILE,0.00324575,0.001486715,0,0,0.042614264,0.043011702,0.15304335,0.000176639,0.000684478,0.001045117,0.00309855,0.005475822,0.007617576,0.032037977,0.054449106,0.036667403,0.001663355,0.58130566,0.005932141,0.010598366,0.000875837,0.003613748,0.000868477,0.002127033,0.00015456,0.000198719,0,0,3.68E-05,0.003805108,0.004165747,21-May
PAID SEARCH|DESKTOP,0.019395333,0.000147858,1.85E-06,0,0.173375128,0.094786511,0.086417722,0.000633943,0.000109046,0.004598398,0.000136769,0.019535798,0.000661667,0.193772202,0.004448691,0.064340607,0.005949455,0.001375084,0.3023613,0.002234511,0.008363244,0.00017743,0.00333236,0.00014601,0.000739292,1.48E-05,0,2.96E-05,0,0.012695497,0.000219939,21-May
PAID SEARCH|MOBILE,0.002351743,0.003752069,0,6.70E-06,0.107309164,0.015497384,0.115463213,0.000120602,0.000804015,0.000234504,0.005614703,0.001876034,0.012334926,0.022117105,0.153097802,0.192997032,0.00109882,0.00985588,0.00598991,0.331501966,0.000643212,0.006787224,0.000174203,0.002479045,4.69E-05,0.000395307,0,0,1.34E-05,0.001125621,0.006311516,21-May
REFERRAL ENGINE|DESKTOP,0.014081306,0.000113629,0,0,0.155296442,0.119013697,0.051343012,0.001258664,0.000104889,0.004702509,0.000131111,0.017227967,0.000594369,0.220650834,0.005471693,0.052470566,0.017970928,0.001031405,0.042794584,0.001022665,0.253533438,0.00097022,0.0036274,0.00012237,0.005087101,2.62E-05,0,1.75E-05,0,0.031038311,0.000297185,21-May
REFERRAL ENGINE|MOBILE,0.000507543,0.002960665,0,0,0.238545044,0.008487241,0.080022557,0.000140984,0.000902298,0.000140984,0.00504723,0.000535739,0.012181024,0.013929226,0.216043987,0.076977302,0.000930495,0.021091217,0.002086564,0.036345693,0.002030171,0.24982377,8.46E-05,0.002932469,2.82E-05,0.006259693,0,0,5.64E-05,0.00062033,0.021288594,21-May
RESLINK|DESKTOP,0.025756451,0.000267663,0,0,0.116238609,0.085189736,0.071344275,0.000401494,6.08E-05,0.005134257,0.000170331,0.011971822,0.000291996,0.134524838,0.002262966,0.192571144,0.006533403,0.001009818,0.024661468,0.000401494,0.004781429,0.000121665,0.300098549,0.002627961,0.000766489,0,0,1.22E-05,0,0.012653146,0.000145998,21-May
RESLINK|MOBILE,0.001082909,0.014579647,0,0,0.084123504,0.006946462,0.123319511,5.28E-05,0.000396186,7.92E-05,0.008584031,0.000739547,0.008293495,0.009693352,0.06428779,0.270119648,0.001003671,0.009983888,0.001505507,0.011383746,0.000422598,0.003063839,0.007791659,0.367264467,0,0.000528248,0,0,0,0.000449011,0.004305222,21-May
SOCIAL MEDIA|DESKTOP,0.015538552,0,0,0,0.044025898,0.149970571,0.058387287,0.010241318,0,0.006592113,0.000117716,0.022954679,0.000470865,0.182577987,0.003060624,0.056386109,0.007062978,0.002354326,0.034844026,0.000353149,0.16656857,0.000117716,0.006709829,0.000117716,0.170924073,0.000117716,0,0,0,0.06050618,0,21-May
SOCIAL MEDIA|MOBILE,0.001557632,0.002596054,0,0,0.106957425,0.009345794,0.101765317,0.000519211,0.01973001,0,0.003634476,0.001038422,0.018172378,0.011941848,0.114745587,0.180166147,0.002596054,0.009865005,0.003115265,0.026998962,0.000519211,0.130841121,0,0.010903427,0,0.180685358,0,0,0,0,0.062305296,21-May
Start,0.016599076,0.00169158,4.52E-06,4.52E-07,0,0.199647949,0.318756563,0.002056191,0.001292179,0.005396428,0.003399424,0.026920693,0.010990749,0.238931088,0.072063817,0,0.007666777,0.00441645,0.026063608,0.015370602,0.00657475,0.004281811,0.010354599,0.005000642,0.000520486,0.000234942,0,2.17E-05,1.22E-05,0.017625138,0.004105604,21-May
TEST|DESKTOP,0.010178117,0,0,0,0.075063613,0.136132316,0.063613232,0.001272265,0,0.006361323,0,0.150127226,0.001272265,0.141221374,0.001272265,0.06870229,0.008905852,0,0.022900763,0,0.007633588,0,0.003816794,0,0.001272265,0,0,0.278625954,0,0.021628499,0,21-May
TEST|MOBILE,0.003891051,0,0,0,0.093385214,0.003891051,0.143968872,0.003891051,0,0,0.007782101,0.003891051,0.178988327,0.011673152,0.13229572,0.143968872,0.003891051,0.027237354,0.007782101,0.015564202,0.003891051,0,0,0.003891051,0,0,0,0,0.20233463,0,0.007782101,21-May
UNPAID REFERRER|DESKTOP,0.011336598,7.38E-05,0,0,0.099307039,0.145000782,0.085847271,0.001194012,7.82E-05,0.004346203,9.99E-05,0.02002032,0.0005601,0.145265635,0.003486514,0.100705118,0.029589781,0.001463207,0.034795672,0.000946526,0.014679831,0.000134598,0.004532903,0.000130256,0.001180986,4.34E-06,0,7.38E-05,4.34E-06,0.294347766,0.000794561,21-May
UNPAID REFERRER|MOBILE,0.000803703,0.005459635,0,0,0.12629216,0.013025524,0.147881274,8.31E-05,0.001635119,5.54E-05,0.004905357,0.00135798,0.01698861,0.014522074,0.145248455,0.175512014,0.001690547,0.038771721,0.002660533,0.033672366,0.000748275,0.014217221,0.000277139,0.005016213,2.77E-05,0.001441122,0,0,0.000110856,0.006097054,0.241498767,21-May
AFFILIATE|DESKTOP,0.258170205,0.00070405,0,0,0.196268993,0.097839992,0.079764764,0.000740863,6.44E-05,0.003437422,0.000101236,0.017191713,0.000391139,0.121814517,0.003046283,0.144040421,0.009318314,0.001049173,0.029436668,0.000993953,0.004716677,9.66E-05,0.019497133,7.36E-05,0.000644229,1.38E-05,0,3.68E-05,0,0.010459519,8.74E-05,21-Jun
AFFILIATE|MOBILE,0.010117475,0.176830982,0,0,0.177112023,0.015063796,0.114439885,5.62E-05,0.00061829,0.000168625,0.003878365,0.000955539,0.010567141,0.012253387,0.110392895,0.242706987,0.001180372,0.009161936,0.002641785,0.023607442,0.000449666,0.003484908,0.000112416,0.07070991,0,0.000168625,0,0,0,0.001292788,0.012028554,21-Jun
B2B|DESKTOP,0,0,0.290322581,0,0.225806452,0.080645161,0.080645161,0.016129032,0,0,0,0,0,0.193548387,0,0.096774194,0,0,0.016129032,0,0,0,0,0,0,0,0,0,0,0,0,21-Jun
B2B|MOBILE,0,0,0,0,0.5,0,0,0,0,0,0,0,0,0.5,0,0,0,0,0,0,0,0,0,0,0,0,0,0,0,0,0,21-Jun
CONVERSION,0,0,0,0,1,0,0,0,0,0,0,0,0,0,0,0,0,0,0,0,0,0,0,0,0,0,0,0,0,0,0,21-Jun
DIRECT|DESKTOP,0.011573961,0.000154797,3.39E-06,0,0.110897602,0.44668935,0.130502151,0.001379987,0.000124289,0.008488576,0.000187564,0.019575925,0.000658356,0.105902682,0.004071789,0.089511197,0.016858511,0.001330648,0.020930301,0.000981885,0.010271937,0.000103951,0.003011565,0.000134082,0.000572107,1.02E-05,0,2.94E-05,3.77E-07,0.015835197,0.000208279,21-Jun
DIRECT|MOBILE,0.004424383,0.000692569,1.84E-06,0,0.008190101,0.071060228,0.769281949,0.000565744,0.000291242,0.000995302,0.001757241,0.006134384,0.003527249,0.049091383,0.015703097,0.041036192,0.003462844,0.003685993,0.006617848,0.003150606,0.000923662,0.000632136,0.001475929,0.001043109,9.97E-05,4.91E-05,0,2.41E-06,1.28E-06,0.004710234,0.001392231,21-Jun
DISPLAY|DESKTOP,0.011327905,0.000201564,0,0,0.159598484,0.146134,0.080343465,0.238651939,0.000685318,0.00427316,0.000241877,0.024107071,0.000483754,0.107836814,0.002902524,0.16096912,0.016528259,0.00056438,0.019067967,0.000685318,0.007054745,0.000241877,0.002660647,0.000241877,0.002338144,0,0,0,0,0.012819479,4.03E-05,21-Jun
DISPLAY|MOBILE,0.002055498,0.001336074,0,0,0.147995889,0.022507708,0.181192189,0.001849949,0.26012333,0.000308325,0.004316547,0.002261048,0.015827338,0.018191161,0.078931141,0.207913669,0.000822199,0.011099692,0.002466598,0.017060637,0.000719424,0.004830421,0.000308325,0.002569373,0.000102775,0.004316547,0,0,0,0.001438849,0.009455293,21-Jun
ECONFO AND PRE-ARRIVAL EMAIL|DESKTOP,0.002080069,8.66E-06,0,0,0.010742331,0.042908719,0.026874226,0.000311686,1.52E-05,0.052819889,0.000183981,0.012627596,0.000138527,0.029778963,0.000746747,0.020895923,0.003255383,0.000402594,0.006121159,0.00014502,0.001266223,1.52E-05,0.000874451,2.16E-05,0.000119047,2.16E-06,0,1.52E-05,0,0.003103869,3.03E-05,21-Jun
ECONFO AND PRE-ARRIVAL EMAIL|MOBILE,0.000288895,0.000517324,0,0,0.011528926,0.005415102,0.073070282,4.70E-05,0.000282177,0.000537479,0.091176609,0.000275458,0.012939809,0.003708606,0.039551742,0.064826697,0.000604664,0.00489106,0.000564353,0.008330926,0.000161244,0.001303387,0.000107496,0.00137729,2.02E-05,8.06E-05,0,0,1.34E-05,0.000335924,0.001740089,21-Jun
EMAIL|DESKTOP,0.010785621,6.06E-05,0,0,0.096817344,0.107070502,0.073988537,0.001196959,5.41E-05,0.004824634,8.01E-05,0.221614964,0.001019472,0.103432005,0.002744565,0.105429823,0.006439338,0.000790036,0.029136111,0.000891767,0.004010788,0.000101731,0.002367945,9.52E-05,0.000499996,1.08E-05,0,0.000487009,0,0.010417659,0.000127705,21-Jun
EMAIL|MOBILE,0.00115558,0.001504941,0,0,0.047338471,0.012986838,0.113361058,0.000120933,0.001061521,0.000141088,0.005549472,0.004642476,0.155868936,0.013766183,0.080521086,0.197866208,0.001518378,0.006859577,0.002156635,0.016970902,0.000503887,0.003480177,0.000228429,0.00186774,2.02E-05,0.000295613,0,6.72E-06,0.000470294,0.000994336,0.005045585,21-Jun
NATURAL SEARCH|DESKTOP,0.013347335,9.11E-05,3.92E-06,0,0.154386802,0.095015213,0.072210445,0.001300849,6.54E-05,0.004370906,0.000132571,0.029063497,0.000491907,0.331397831,0.005100481,0.162380725,0.009470079,0.0007758,0.086232408,0.000806326,0.011808817,0.000166149,0.004736784,0.000112511,0.000775364,7.85E-06,0,2.97E-05,4.36E-07,0.015560043,0.000158736,21-Jun
NATURAL SEARCH|MOBILE,0.001145224,0.003635111,0,0,0.15573017,0.013627383,0.113885097,9.19E-05,0.000952016,0.0002493,0.008789397,0.001324408,0.026358843,0.023864281,0.400700534,0.158078268,0.001068875,0.012189231,0.002842025,0.045037676,0.00055781,0.01571839,0.000288254,0.003487089,3.27E-05,0.000364602,0,0,4.21E-05,0.001221572,0.008717723,21-Jun
Null,0,0,0,0,0,0,0,0,0,0,0,0,0,0,0,1,0,0,0,0,0,0,0,0,0,0,0,0,0,0,0,21-Jun
OTHER|DESKTOP,0.012522029,0.000136406,0,0,0.127419152,0.232877011,0.074461062,0.002084277,5.46E-05,0.006683872,0.000338286,0.015015523,0.000889364,0.11992776,0.004135816,0.089192861,0.255487595,0.001336774,0.019484169,0.001178544,0.008178877,0.000114581,0.005287079,0.000234618,0.000452866,1.09E-05,0,1.64E-05,0,0.022146805,0.00033283,21-Jun
OTHER|MOBILE,0.003143138,0.002092555,0,8.61E-06,0.062130789,0.040834955,0.159154711,0.000223895,0.000878356,0.00103336,0.004142053,0.00489985,0.00741436,0.035693988,0.073385805,0.059400995,0.002841741,0.500508069,0.005683482,0.014320652,0.001214198,0.005399308,0.001041972,0.003582316,0.000146393,0.000310008,0,0,3.44E-05,0.00399566,0.006484336,21-Jun
PAID SEARCH|DESKTOP,0.018929688,0.000148716,1.71E-06,0,0.18366276,0.087786984,0.084810951,0.000716231,9.40E-05,0.004374307,0.00016581,0.021574101,0.000644437,0.192180606,0.004731567,0.064028294,0.006642656,0.001148704,0.300498968,0.001958951,0.008290499,0.000153844,0.003415344,0.00013846,0.000705974,1.71E-05,0,1.88E-05,1.71E-06,0.012972494,0.000186323,21-Jun
PAID SEARCH|MOBILE,0.002163426,0.004103049,0,6.22E-06,0.075060924,0.016418411,0.106076242,0.000155419,0.000864127,0.000261103,0.007460089,0.002331278,0.014180385,0.021690207,0.160659223,0.148244393,0.001603919,0.010531158,0.005750485,0.404212463,0.000422738,0.007938778,0.000261103,0.002511563,6.22E-06,0.000348137,0,0,6.22E-06,0.001473367,0.005259362,21-Jun
REFERRAL ENGINE|DESKTOP,0.013465468,0.000174445,8.31E-06,0,0.158179794,0.117359738,0.054310445,0.001304182,8.31E-05,0.004510641,0.00010799,0.018923095,0.000631324,0.224094964,0.004876144,0.04679271,0.017834892,0.001171271,0.043087837,0.000706086,0.25348474,0.000946985,0.003463973,8.31E-05,0.004851224,8.31E-06,0,5.81E-05,0,0.029339935,0.000141217,21-Jun
REFERRAL ENGINE|MOBILE,0.000537236,0.003197831,0,0,0.2532426,0.008237612,0.084601806,2.56E-05,0.001048888,0.000102331,0.005372355,0.000920975,0.012330835,0.011870347,0.21115915,0.062216992,0.000767479,0.022691806,0.001867533,0.034894727,0.001714037,0.256849753,0.000102331,0.002558264,7.67E-05,0.005065364,0,0,2.56E-05,0.000818645,0.01770319,21-Jun
RESLINK|DESKTOP,0.024366019,0.000137363,0,0,0.118026205,0.085302198,0.073784869,0.000591716,1.06E-05,0.005420541,8.45E-05,0.013873626,0.000274725,0.136876585,0.002387997,0.184921809,0.01012257,0.000676247,0.025422654,0.000496619,0.004628064,6.34E-05,0.29739011,0.001954776,0.000570583,1.06E-05,0,2.11E-05,0,0.01238377,0.000200761,21-Jun
RESLINK|MOBILE,0.000820744,0.015876273,0,0,0.0928467,0.007925312,0.122008772,5.13E-05,0.000564262,0.000205186,0.008130498,0.000666855,0.009259022,0.008771705,0.069763267,0.254482033,0.000820744,0.013080612,0.001128523,0.011952089,0.000102593,0.002975198,0.0058991,0.366616225,0,0.000333427,0,0,0,0.000692503,0.005027059,21-Jun
SOCIAL MEDIA|DESKTOP,0.014567782,0,0,0,0.043101373,0.147242957,0.060799422,0.024440164,0.000120395,0.005297375,0,0.022152661,0.00024079,0.198771972,0.002407898,0.055863231,0.01107633,0.001083554,0.034553335,0.00048158,0.150975199,0.00024079,0.005778955,0,0.161810739,0.00024079,0,0.000361185,0,0.058150734,0.00024079,21-Jun
SOCIAL MEDIA|MOBILE,0.001536098,0.001536098,0,0,0.105478751,0.013312852,0.103942652,0,0.058883769,0,0.004096262,0.001024066,0.017409114,0.015873016,0.107014849,0.208397337,0.000512033,0.011776754,0.002560164,0.022017409,0,0.121351767,0,0.005120328,0.001024066,0.1515617,0,0,0,0.000512033,0.045058884,21-Jun
Start,0.016617644,0.001743627,4.52E-06,0,0,0.199419941,0.327623521,0.002146571,0.001285642,0.005233755,0.002919188,0.02619424,0.01041288,0.237387871,0.071092315,0,0.0091067,0.004132949,0.025663964,0.011927309,0.005666684,0.00410009,0.010741068,0.004602024,0.000441965,0.000230019,0,1.27E-05,5.34E-06,0.017140526,0.004146915,21-Jun
TEST|DESKTOP,0.008595989,0,0,0,0.005730659,0.170487106,0.093123209,0,0,0.004297994,0,0.151862464,0.001432665,0.138968481,0.00286533,0.024355301,0.007163324,0,0.020057307,0.001432665,0.007163324,0,0.004297994,0,0.00286533,0,0,0.32234957,0,0.032951289,0,21-Jun
TEST|MOBILE,0,0.006535948,0,0,0.013071895,0.039215686,0.156862745,0,0.006535948,0,0.013071895,0,0.215686275,0.006535948,0.189542484,0.08496732,0,0.019607843,0.019607843,0.045751634,0,0.019607843,0,0,0,0,0,0.006535948,0.150326797,0,0.006535948,21-Jun
UNPAID REFERRER|DESKTOP,0.010870665,0.000143957,0,0,0.095913968,0.140186443,0.089046852,0.00319817,8.17E-05,0.003949078,0.000105049,0.020430158,0.000505793,0.140641657,0.003641712,0.107648373,0.030872844,0.001101073,0.033475734,0.000945444,0.011119671,0.000132284,0.004843943,9.73E-05,0.000871521,1.56E-05,0,5.45E-05,0,0.299305118,0.000801488,21-Jun
UNPAID REFERRER|MOBILE,0.000938457,0.005927097,0,0,0.124444335,0.013879285,0.145633705,7.41E-05,0.003531562,0.000148177,0.005408476,0.001037242,0.017484935,0.014299121,0.138397708,0.191963845,0.001481774,0.040971056,0.00249432,0.027437519,0.000469228,0.011656624,0.000345747,0.00479107,4.94E-05,0.001061938,0,0,2.47E-05,0.006050578,0.239998024,21-Jun
AFFILIATE|DESKTOP,0.263858083,0.000683145,0,0,0.191684263,0.101722058,0.0830376,0.001557038,0.000115336,0.002661604,7.54E-05,0.019185727,0.000514577,0.124154941,0.003513317,0.13662899,0.00689799,0.000922689,0.026762425,0.001091258,0.004418262,7.54E-05,0.018223113,0.000102028,0.000576681,1.33E-05,0,0,0,0.01146264,6.21E-05,21-Jul
AFFILIATE|MOBILE,0.009152986,0.182139571,0,0,0.169596591,0.017531115,0.114484963,0.000290571,0.001549712,0.000145285,0.002760424,0.001065427,0.013317836,0.013947407,0.128674512,0.234926631,0.00159814,0.007942273,0.002421425,0.021792823,0.000338999,0.003971137,0.000435856,0.059518621,4.84E-05,9.69E-05,0,0,0,0.001210712,0.011041697,21-Jul
B2B|DESKTOP,0.032258065,0,0.193548387,0,0.064516129,0.096774194,0.096774194,0,0,0.032258065,0,0,0.032258065,0.193548387,0,0.225806452,0,0,0,0,0,0,0,0,0,0,0,0,0,0.032258065,0,21-Jul
B2B|MOBILE,0,0,0,0,0,0,0,0,0,0,0,0,1,0,0,0,0,0,0,0,0,0,0,0,0,0,0,0,0,0,0,21-Jul
CONVERSION,0,0,0,0,1,0,0,0,0,0,0,0,0,0,0,0,0,0,0,0,0,0,0,0,0,0,0,0,0,0,0,21-Jul
DIRECT|DESKTOP,0.011259913,0.000176636,3.50E-07,0,0.106446608,0.456020164,0.133424298,0.002218614,0.000148304,0.006969589,0.000118923,0.021526818,0.000799932,0.10957918,0.004698509,0.079622119,0.013421164,0.001244145,0.020229857,0.000946837,0.010221784,0.000115775,0.003176994,0.000126268,0.000527109,1.43E-05,0,1.19E-05,0,0.016724426,0.000229451,21-Jul
DIRECT|MOBILE,0.004024104,0.000657384,4.84E-07,0,0.008220987,0.06505393,0.781401027,0.000592214,0.000311825,0.000609746,0.001419959,0.006129014,0.00434137,0.045562017,0.015950358,0.041163578,0.002988757,0.003311948,0.005737147,0.002892997,0.000756046,0.000627157,0.001455627,0.000937894,7.99E-05,5.56E-05,0,2.06E-06,8.46E-07,0.004374741,0.001341247,21-Jul
DISPLAY|DESKTOP,0.01203563,0.000119165,0,0,0.183156076,0.152232848,0.077844311,0.242946942,0.000655406,0.003008908,8.94E-05,0.024369172,0.00077457,0.108171716,0.002889743,0.125510174,0.011112104,0.00077457,0.025143742,0.00077457,0.007209462,0.000119165,0.002353502,0.000148956,0.002234337,0,0,2.98E-05,0,0.01611702,0.000178747,21-Jul
DISPLAY|MOBILE,0.002178056,0.00272257,0,0,0.131863145,0.026499682,0.196025048,0.001724294,0.272892277,0.000453762,0.006261911,0.001815047,0.019057991,0.019239495,0.09864779,0.159633361,0.001270533,0.00853072,0.003267084,0.024321626,0.000544514,0.006443416,0.000544514,0.002631818,0,0.002994827,0,0,0,0.001633542,0.008802977,21-Jul
ECONFO AND PRE-ARRIVAL EMAIL|DESKTOP,0.001798525,3.98E-06,0,0,0.00958616,0.032869395,0.019636391,0.000306725,7.97E-06,0.042873816,0.000131454,0.011400619,9.16E-05,0.025141512,0.000681169,0.016369966,0.002726668,0.000219089,0.005005198,0.000121495,0.001051629,1.59E-05,0.000856441,3.19E-05,0.000141412,1.99E-06,0,3.98E-06,0,0.002724676,1.59E-05,21-Jul
ECONFO AND PRE-ARRIVAL EMAIL|MOBILE,0.000221792,0.000443584,0,0,0.009409534,0.003992259,0.05310814,1.66E-05,0.000393681,0.000299419,0.068428436,0.000332688,0.010036097,0.002883298,0.031256065,0.049215687,0.000482398,0.003398965,0.000482398,0.006354346,2.22E-05,0.001086782,2.22E-05,0.001014699,1.11E-05,4.99E-05,0,0,0,0.000243971,0.001386201,21-Jul
EMAIL|DESKTOP,0.011388669,7.77E-05,1.99E-06,0,0.092955676,0.117804405,0.089137544,0.001416115,5.38E-05,0.003838049,5.58E-05,0.230978055,0.001149224,0.110369305,0.003358044,0.106519306,0.007038747,0.000872374,0.029634838,0.000748888,0.004023279,9.56E-05,0.002535463,8.76E-05,0.000495939,7.97E-06,0,0.000151371,0,0.011265182,0.000123487,21-Jul
EMAIL|MOBILE,0.001219857,0.001530366,5.54E-06,0,0.054483252,0.014006177,0.12212987,0.000116441,0.001275305,0.000127531,0.004585554,0.004374851,0.174373021,0.0150486,0.086704113,0.23476149,0.001264215,0.007291418,0.002323273,0.017998436,0.000421405,0.003154994,0.000349323,0.001602449,2.22E-05,0.000160799,0,0,9.43E-05,0.001020244,0.0049626,21-Jul
NATURAL SEARCH|DESKTOP,0.013315761,0.000102961,2.47E-06,0,0.153587579,0.096277336,0.075408756,0.001961616,6.59E-05,0.003621762,9.02E-05,0.031796055,0.000513158,0.331168403,0.00538075,0.160688192,0.007253408,0.000792389,0.083220213,0.000796919,0.011044438,0.000183683,0.005138174,0.000117376,0.000695606,8.24E-06,0,1.73E-05,0,0.016608459,0.00014291,21-Jul
NATURAL SEARCH|MOBILE,0.001120043,0.003970817,0,0,0.147063433,0.014691617,0.117237047,0.000110788,0.001351077,0.000160778,0.007174221,0.001302439,0.032704182,0.022304938,0.401476728,0.15917179,0.000947105,0.009403499,0.002641356,0.04715936,0.000459366,0.015111802,0.000295886,0.003503344,2.43E-05,0.000358036,0,0,9.46E-06,0.001257853,0.008988719,21-Jul
Null,0,0,0,0,0,0,0,0,0,0,0,0,0,0,0,1,0,0,0,0,0,0,0,0,0,0,0,0,0,0,0,21-Jul
OTHER|DESKTOP,0.012016973,0.000226308,0,0,0.108944837,0.235745403,0.089923621,0.002353607,0.000101839,0.00602546,0.000277228,0.019140028,0.000967468,0.112707214,0.005312588,0.073420085,0.275241867,0.001363508,0.019117397,0.001301273,0.007405941,0.000231966,0.0054314,0.000260255,0.000571429,4.53E-05,0,1.13E-05,0,0.021471004,0.000384724,21-Jul
OTHER|MOBILE,0.002865118,0.002068796,0,0,0.063032592,0.038839176,0.153821525,0.000246285,0.000886627,0.00067318,0.003070355,0.005007799,0.008562515,0.035226993,0.067991134,0.059453247,0.002922584,0.517560135,0.004950332,0.014284541,0.000804532,0.004909285,0.001017979,0.00266809,8.21E-05,0.000279123,0,0,0,0.004071915,0.004704047,21-Jul
PAID SEARCH|DESKTOP,0.017638776,0.000143172,3.37E-06,0,0.178599341,0.087243891,0.088534122,0.001040944,8.93E-05,0.003663516,9.94E-05,0.023278063,0.000699016,0.19527297,0.005346206,0.064514934,0.005806041,0.000976938,0.297659392,0.001953875,0.008285441,0.000178544,0.003904381,0.000112853,0.000678803,1.85E-05,0,8.42E-06,0,0.014052741,0.000197072,21-Jul
PAID SEARCH|MOBILE,0.002223697,0.004912555,0,0,0.080518258,0.016972709,0.10618721,0.000170181,0.001208284,0.000221235,0.006523601,0.001633737,0.017324416,0.020693998,0.167656552,0.135724942,0.001548646,0.009796747,0.005962004,0.401036969,0.000482179,0.008650863,0.000311998,0.002666167,2.84E-05,0.00029498,0,0,0,0.001316066,0.005933641,21-Jul
REFERRAL ENGINE|DESKTOP,0.014439384,5.13E-05,0,0,0.162191027,0.111311421,0.056894592,0.001734435,5.13E-05,0.004306183,6.84E-05,0.02002717,0.000734785,0.22662144,0.005314377,0.040361924,0.016481404,0.000880033,0.043531754,0.000974018,0.254568912,0.000811681,0.003904615,7.69E-05,0.004699208,8.54E-06,0,8.54E-06,0,0.029758802,0.000187968,21-Jul
REFERRAL ENGINE|MOBILE,0.000524923,0.002821461,0,0,0.293475646,0.008048818,0.080225717,8.75E-05,0.001115461,6.56E-05,0.003827563,0.000678025,0.012445047,0.011329586,0.194330833,0.042759345,0.000590538,0.018940968,0.001421666,0.033266989,0.001159205,0.267601321,0.000109359,0.001705999,2.19E-05,0.004068152,0,0,0,0.000590538,0.018787866,21-Jul
RESLINK|DESKTOP,0.021931674,0.000178078,0,0,0.117250105,0.084952435,0.076282862,0.000712311,4.69E-05,0.004283237,7.50E-05,0.014443039,0.000356155,0.13473921,0.00250246,0.193626693,0.006766953,0.000618586,0.023759314,0.000346783,0.003936454,0.00011247,0.298298889,0.002071325,0.000431135,0,0,0,0,0.012212381,6.56E-05,21-Jul
RESLINK|MOBILE,0.000934714,0.015818234,0,0,0.089325089,0.007765315,0.118876426,4.79E-05,0.000599176,0.000143802,0.006495063,0.00064711,0.008747963,0.008460359,0.073099415,0.261240533,0.000958681,0.007142172,0.001030582,0.012438884,9.59E-05,0.002852076,0.006902502,0.370362381,0,0.000215703,0,0,0,0.000719011,0.005081009,21-Jul
SOCIAL MEDIA|DESKTOP,0.014005949,0.000123946,0,0,0.047223599,0.157535944,0.065319782,0.030118989,0,0.005081805,0,0.026400595,0,0.20141299,0.003346554,0.051437779,0.011155181,0.000867625,0.035200793,0.000619732,0.122954883,0,0.005205751,0,0.162741696,0.000371839,0,0,0,0.058626673,0.000247893,21-Jul
SOCIAL MEDIA|MOBILE,0,0.003219871,0,0,0.110855566,0.00873965,0.134774609,0.000919963,0.049218031,0,0.001839926,0.001379945,0.012879485,0.019319227,0.120515179,0.174333027,0.001379945,0.00873965,0.003219871,0.018399264,0.000459982,0.09475621,0,0.006439742,0,0.180772769,0,0,0,0.001839926,0.04599816,21-Jul
Start,0.015206157,0.001850139,3.86E-06,3.86E-07,0,0.193897826,0.342136986,0.001979228,0.001020726,0.004389008,0.002302335,0.027487726,0.012457037,0.227326327,0.075321958,0,0.009406452,0.003897389,0.023639808,0.011466457,0.00388966,0.004689312,0.011416599,0.00462786,0.000394222,0.000214503,0,6.18E-06,4.64E-06,0.016749035,0.004218178,21-Jul
TEST|DESKTOP,0,0,0,0,0.00872093,0.162790698,0.084302326,0.002906977,0.002906977,0.005813953,0,0.130813953,0,0.127906977,0.002906977,0.00872093,0.002906977,0,0.014534884,0,0,0,0.00872093,0,0,0,0,0.389534884,0,0.046511628,0,21-Jul
TEST|MOBILE,0,0,0,0,0.021276596,0.021276596,0.212765957,0,0,0,0.021276596,0,0.212765957,0,0.234042553,0.127659574,0,0.021276596,0.021276596,0.021276596,0,0,0,0,0,0,0,0,0.085106383,0,0,21-Jul
UNPAID REFERRER|DESKTOP,0.01079046,0.000133086,0,0,0.098070255,0.142489406,0.089433685,0.004703534,7.00E-05,0.003046965,7.35E-05,0.021293734,0.000591882,0.140710258,0.004076629,0.095215914,0.029867264,0.001043673,0.031555353,0.000742479,0.010040976,0.000136588,0.004633489,0.000101566,0.000781004,7.00E-06,0,5.25E-05,0,0.309543656,0.000795013,21-Jul
UNPAID REFERRER|MOBILE,0.000814888,0.006408986,0,0,0.124788019,0.01418346,0.152780531,0.00022024,0.004536945,8.81E-05,0.003964321,0.0011012,0.018081709,0.0127519,0.145600705,0.176522409,0.001409536,0.040722387,0.002048233,0.028102632,0.000418456,0.010989979,0.000242264,0.005461954,4.40E-05,0.001189296,0,0,0,0.005263737,0.242264068,21-Jul
AFFILIATE|DESKTOP,0.26498649,0.000861772,0,0,0.173349568,0.113325772,0.089451913,0.001545629,5.56E-05,0.003119058,7.23E-05,0.021416419,0.000511503,0.13171209,0.003302532,0.116822898,0.005687694,0.001039686,0.029850663,0.001373275,0.004108706,8.90E-05,0.02293425,8.34E-05,0.000478144,5.56E-06,0,1.67E-05,0,0.013654913,0.000144555,21-Aug
AFFILIATE|MOBILE,0.009250268,0.184187663,0,0,0.158327797,0.016762917,0.112791946,0.000255532,0.001226555,5.11E-05,0.002810855,0.001379874,0.011907804,0.011907804,0.120100169,0.245413196,0.002708642,0.007001584,0.00229979,0.023406756,0.000204426,0.002759749,0.000255532,0.073899934,0,0.000306639,0,0,0,0.001175448,0.009608013,21-Aug
B2B|DESKTOP,0.045454545,0,0.181818182,0,0.227272727,0.045454545,0.090909091,0,0,0,0,0,0,0.181818182,0,0.181818182,0,0,0,0,0,0,0,0,0,0,0,0,0,0.045454545,0,21-Aug
B2B|MOBILE,0,0,0,0,0,0,1,0,0,0,0,0,0,0,0,0,0,0,0,0,0,0,0,0,0,0,0,0,0,0,0,21-Aug
CONVERSION,0,0,0,0,1,0,0,0,0,0,0,0,0,0,0,0,0,0,0,0,0,0,0,0,0,0,0,0,0,0,0,21-Aug
DIRECT|DESKTOP,0.010417497,0.000169393,2.56E-06,0,0.097189244,0.468189205,0.13471843,0.002229185,0.000100977,0.006848899,0.000141222,0.023977001,0.000743793,0.107671865,0.004219463,0.076731451,0.011874718,0.001194533,0.021655619,0.001279047,0.007692938,8.96E-05,0.003349448,0.000127319,0.000514033,1.13E-05,0,1.13E-05,0,0.0185802,0.000269639,21-Aug
DIRECT|MOBILE,0.003038013,0.000662767,3.73E-07,0,0.007371728,0.063840784,0.791976096,0.000515596,0.000202733,0.000620008,0.001344925,0.006557937,0.003798107,0.04337767,0.013451359,0.038631777,0.00289917,0.002956597,0.005799335,0.003215389,0.000595645,0.000491357,0.001451947,0.000895083,8.05E-05,4.19E-05,0,1.62E-06,1.24E-07,0.004646329,0.001535103,21-Aug
DISPLAY|DESKTOP,0.010290618,0.00020112,0,0,0.138604901,0.181443368,0.096470352,0.252036336,0.000234639,0.003486072,3.35E-05,0.028056179,0.000670399,0.107900647,0.002681594,0.108403446,0.011095096,0.000703918,0.027050582,0.001206717,0.005262629,6.70E-05,0.002983274,0.00010056,0.001541917,0,0,3.35E-05,0,0.019106359,0.000335199,21-Aug
DISPLAY|MOBILE,0.003481564,0.005064092,0,0,0.089254629,0.033549612,0.244184206,0.000949517,0.285013451,0.000158253,0.007754392,0.001582529,0.020572875,0.019306852,0.109194493,0.103655642,0.00221554,0.008703909,0.005855357,0.031967083,0.000949517,0.004114575,0.000633012,0.003006805,0,0.003323311,0,0,0,0.003639816,0.011868967,21-Aug
ECONFO AND PRE-ARRIVAL EMAIL|DESKTOP,0.001654666,1.04E-05,0,0,0.010186859,0.028961827,0.018039791,0.000300284,1.24E-05,0.040944174,0.000169816,0.011153979,6.83E-05,0.022624809,0.00060678,0.019628187,0.002019148,0.000238156,0.004837671,0.00013461,0.000917418,1.66E-05,0.000813872,2.07E-05,9.73E-05,0,0,0,0,0.002418835,3.31E-05,21-Aug
ECONFO AND PRE-ARRIVAL EMAIL|MOBILE,0.000169211,0.000606338,0,0,0.011337117,0.004075158,0.059858286,7.05E-06,0.000380724,0.000648641,0.075869849,0.000394825,0.010773081,0.003370113,0.031607149,0.06102161,0.000465329,0.00332076,0.000564036,0.007353615,9.87E-05,0.001078718,4.94E-05,0.000740297,7.05E-06,9.17E-05,0,0,0,0.000260866,0.001515846,21-Aug
EMAIL|DESKTOP,0.009959058,7.87E-05,2.07E-06,0,0.090066414,0.124650791,0.092454186,0.001310893,3.11E-05,0.003827062,8.28E-05,0.23265345,0.001126581,0.10744144,0.002775034,0.103835967,0.006105074,0.001045815,0.02926211,0.000987829,0.003197502,8.49E-05,0.002547233,8.90E-05,0.000455603,6.21E-06,0,2.28E-05,0,0.019901548,8.90E-05,21-Aug
EMAIL|MOBILE,0.000768499,0.001797864,0,0,0.039722212,0.014559171,0.128036098,8.46E-05,0.000895407,0.000119858,0.004843656,0.00410336,0.167243628,0.01248634,0.079282265,0.219099658,0.001551098,0.007868298,0.002108083,0.020023266,0.000303169,0.00252406,0.000289068,0.001544048,7.05E-06,0.000119858,0,0,2.12E-05,0.001191525,0.013741319,21-Aug
NATURAL SEARCH|DESKTOP,0.012593556,9.18E-05,1.38E-06,0,0.148688719,0.101217898,0.077233928,0.002037824,3.83E-05,0.003633404,8.99E-05,0.034216897,0.000432098,0.326267126,0.004622571,0.162857564,0.006297931,0.000773349,0.084866428,0.000967032,0.008980904,0.000149413,0.005262648,0.000116671,0.000652067,9.68E-06,0,1.43E-05,4.61E-07,0.017737688,0.00014849,21-Aug
NATURAL SEARCH|MOBILE,0.00096155,0.004550885,0,0,0.152856006,0.016092863,0.120712527,7.44E-05,0.00127418,0.000147021,0.007484542,0.001453309,0.028270241,0.021919618,0.400900376,0.148992908,0.001064633,0.009353565,0.002727489,0.051668517,0.000378536,0.014151175,0.0003177,0.00351498,3.72E-05,0.00031432,0,0,3.38E-06,0.001505696,0.00927245,21-Aug
Null,0,0,0,0,0,0,0,0,0,0,0,0,0,0,0,1,0,0,0,0,0,0,0,0,0,0,0,0,0,0,0,21-Aug
OTHER|DESKTOP,0.008583435,0.000311522,6.63E-06,0,0.127041466,0.215421019,0.09311867,0.002293335,4.64E-05,0.00451376,0.00031815,0.019579511,0.00099422,0.097625802,0.004785514,0.07644891,0.294302455,0.001431677,0.019387295,0.001584124,0.006024975,0.000218728,0.004056419,0.000231985,0.000457341,6.63E-06,0,0,0,0.020759319,0.000450713,21-Aug
OTHER|MOBILE,0.002358981,0.001888992,0,0,0.057917047,0.040211133,0.147458899,0.000262109,0.000560371,0.000650753,0.002819931,0.006453304,0.007890384,0.034562233,0.058685297,0.054726548,0.002711472,0.543062698,0.005739283,0.014253306,0.000849595,0.004012979,0.000885748,0.002268598,8.13E-05,0.000244033,0,0,0,0.004582388,0.004862574,21-Aug
PAID SEARCH|DESKTOP,0.015064586,0.000125583,0,0,0.186067456,0.09082526,0.09,0.001108719,6.28E-05,0.003496591,0.000107643,0.023941514,0.000556154,0.188493003,0.00426803,0.066542878,0.004940797,0.000995694,0.294128095,0.002278436,0.006889128,0.000152494,0.004194474,0.000134553,0.000504126,5.38E-06,0,3.59E-06,0,0.014869035,0.00024399,21-Aug
PAID SEARCH|MOBILE,0.001646137,0.004444571,0,0,0.08189249,0.018822728,0.102287563,0.000215701,0.000982006,0.000215701,0.005982857,0.002066186,0.012504967,0.022205824,0.145552591,0.167979792,0.001396378,0.008372595,0.006760515,0.398802293,0.000385991,0.007470057,0.000425725,0.002384061,2.27E-05,0.000175966,0,0,0,0.00154964,0.005454958,21-Aug
REFERRAL ENGINE|DESKTOP,0.013928808,5.82E-05,0,0,0.157336188,0.112477745,0.060462897,0.001408008,4.65E-05,0.004014569,0.000104728,0.020631393,0.000546912,0.224850763,0.004887301,0.040878783,0.018955747,0.00097746,0.045661357,0.001047279,0.25084655,0.000768004,0.003793477,9.31E-05,0.004328752,1.16E-05,0,1.16E-05,0,0.031732548,0.000139637,21-Aug
REFERRAL ENGINE|MOBILE,0.000456804,0.003083424,0,0,0.296551133,0.00776566,0.082852738,5.71E-05,0.000628105,5.71E-05,0.005024839,0.000656655,0.01036373,0.010677782,0.188688403,0.041026666,0.000713755,0.020384857,0.001627363,0.037771941,0.001199109,0.265631245,0.000285502,0.002055616,5.71E-05,0.003397476,0,0,2.86E-05,0.000827956,0.01812939,21-Aug
RESLINK|DESKTOP,0.023319276,0.000178616,0,0,0.11233937,0.092483255,0.079761846,0.000625155,6.95E-05,0.004554701,0.000109154,0.014874721,0.000267924,0.133753411,0.002103696,0.192190523,0.005368395,0.000595386,0.025591665,0.000506078,0.003423468,7.94E-05,0.291808484,0.001806003,0.000387001,0,0,0,0,0.013604565,0.000198462,21-Aug
RESLINK|MOBILE,0.000746726,0.020108275,0,0,0.096834413,0.008534016,0.118649492,8.00E-05,0.000560045,2.67E-05,0.005360429,0.000693389,0.00733392,0.008427341,0.063631757,0.266794677,0.001040083,0.006800544,0.001706803,0.015014534,8.00E-05,0.002480198,0.007013894,0.36186895,2.67E-05,0.000400032,0,0,0,0.00045337,0.00533376,21-Aug
SOCIAL MEDIA|DESKTOP,0.01147734,0.000294291,0,0,0.049146557,0.171718658,0.080194232,0.018098882,0,0.006327251,0.000147145,0.030017657,0.000294291,0.188198941,0.003090053,0.057533843,0.00956445,0.001765745,0.0350206,0.000294291,0.099764567,0.000147145,0.007210124,0.000147145,0.168334314,0,0,0,0,0.061065333,0.000147145,21-Aug
SOCIAL MEDIA|MOBILE,0.003778338,0.005667506,0,0,0.120906801,0.012594458,0.120906801,0,0.054156171,0,0.005037783,0.001259446,0.01070529,0.010075567,0.116498741,0.174433249,0,0.012594458,0.001259446,0.017632242,0,0.087531486,0,0.013224181,0,0.189546599,0,0,0,0.002518892,0.039672544,21-Aug
Start,0.012447124,0.001936219,1.31E-06,4.36E-07,0,0.198250564,0.354009716,0.001723213,0.000415993,0.004422159,0.002379655,0.026607443,0.009455023,0.223711086,0.066696113,0,0.008048487,0.003788804,0.025658282,0.013969964,0.003332301,0.004192601,0.012139159,0.004754954,0.000347605,0.000184692,0,2.61E-06,0,0.017145015,0.004379471,21-Aug
TEST|DESKTOP,0.00591716,0,0,0,0.041420118,0.159763314,0.059171598,0.00591716,0.00591716,0,0,0.088757396,0.00591716,0.159763314,0,0.029585799,0.00591716,0,0.017751479,0.00591716,0,0,0,0,0.00591716,0,0,0.313609467,0,0.088757396,0,21-Aug
TEST|MOBILE,0,0,0,0,0.090909091,0,0.181818182,0,0,0,0,0,0.181818182,0,0.090909091,0,0,0,0,0.090909091,0,0,0,0,0,0,0,0.090909091,0.272727273,0,0,21-Aug
UNPAID REFERRER|DESKTOP,0.009659313,0.000131419,0,0,0.095700862,0.149036317,0.092553718,0.004374877,5.19E-05,0.002956933,9.68E-05,0.023987467,0.000504926,0.130724085,0.003686655,0.099588104,0.023762671,0.001134355,0.030063877,0.000992561,0.008137617,8.65E-05,0.004955888,8.30E-05,0.000664013,1.38E-05,0,5.53E-05,0,0.316402157,0.000594845,21-Aug
UNPAID REFERRER|MOBILE,0.000851064,0.005290397,0,0,0.125658424,0.01720529,0.168579643,0.000115009,0.003634273,6.90E-05,0.004876366,0.001932145,0.019137435,0.014215066,0.120391029,0.222840713,0.001380104,0.032570443,0.002783209,0.027418056,0.000276021,0.008142611,0.000437033,0.004370328,4.60E-05,0.000621047,0,0,0,0.00466935,0.212489937,21-Aug
AFFILIATE|DESKTOP,0.248383838,0.000870129,0,0,0.192643031,0.114570863,0.087900537,0.001740258,0.000105116,0.003696588,8.18E-05,0.018704851,0.000385426,0.122039956,0.00279726,0.12470874,0.005553641,0.001524185,0.029759576,0.001238036,0.004093694,0.000151835,0.023119733,0.000110956,0.00054894,2.34E-05,0,1.75E-05,0,0.015031622,0.000198553,21-Sep
AFFILIATE|MOBILE,0.008595849,0.194578755,0,0,0.189108669,0.018559219,0.120879121,4.88E-05,0.001758242,0.00019536,0.002979243,0.001221001,0.008351648,0.012307692,0.100952381,0.222124542,0.001416361,0.006398046,0.002637363,0.025787546,0.00034188,0.002393162,0.000586081,0.067203907,0,9.77E-05,0,0,0,0.001367521,0.01010989,21-Sep
B2B|DESKTOP,0,0,0.260869565,0,0.217391304,0.043478261,0.217391304,0,0,0,0,0,0,0.043478261,0,0.130434783,0,0,0.043478261,0,0,0,0,0,0,0,0,0,0,0.043478261,0,21-Sep
B2B|MOBILE,0,0,0,0,0,0,0,0,0,0,0,0,0,0,0,1,0,0,0,0,0,0,0,0,0,0,0,0,0,0,0,21-Sep
CONVERSION,0,0,0,0,1,0,0,0,0,0,0,0,0,0,0,0,0,0,0,0,0,0,0,0,0,0,0,0,0,0,0,21-Sep
DIRECT|DESKTOP,0.01102884,0.000215456,7.59E-07,0,0.095695433,0.468532055,0.132088519,0.00264199,0.000138833,0.008850383,0.000182834,0.020885569,0.000616022,0.105830586,0.003987452,0.076115497,0.012697485,0.001791926,0.024397349,0.0013576,0.007615684,8.50E-05,0.003421501,0.000149074,0.000482121,2.20E-05,0,1.90E-05,0,0.020871914,0.000279182,21-Sep
DIRECT|MOBILE,0.003343746,0.00079896,6.57E-07,2.63E-07,0.007160135,0.06432434,0.789235172,0.000589129,0.000221532,0.000939504,0.001652349,0.005569579,0.00279958,0.043501429,0.01258562,0.04026812,0.002996921,0.00420923,0.006196046,0.003487577,0.000595834,0.000441091,0.001538231,0.001006424,8.76E-05,6.14E-05,0,9.20E-07,2.63E-07,0.004813348,0.001575043,21-Sep
DISPLAY|DESKTOP,0.010892294,9.36E-05,0,0,0.152523329,0.186323773,0.097656128,0.244062295,0.00049936,0.004993602,0.0003121,0.024125339,0.00046815,0.098873319,0.003089791,0.104709591,0.011454074,0.0012484,0.029337411,0.001529291,0.005212072,0,0.002371961,0.00015605,0.001373241,3.12E-05,0,6.24E-05,0,0.018382697,0.00021847,21-Sep
DISPLAY|MOBILE,0.00334182,0.004455761,0,0,0.120623806,0.048217696,0.217377467,0.003500955,0.264162954,0.000636537,0.005092298,0.003182686,0.021005729,0.029598982,0.09675366,0.103437301,0.002068746,0.007797581,0.006047104,0.037078294,0,0.004455761,0.000159134,0.002546149,0,0.001432209,0,0.000159134,0,0.004933164,0.011935073,21-Sep
ECONFO AND PRE-ARRIVAL EMAIL|DESKTOP,0.001973274,1.10E-05,0,0,0.011648683,0.037169548,0.028088975,0.000419238,1.76E-05,0.052751609,0.000206327,0.014960886,0.000111943,0.027540234,0.000711169,0.024844816,0.002453972,0.000408264,0.005717885,0.000201937,0.001016269,2.19E-05,0.00097676,2.63E-05,0.000127308,2.19E-06,0,0,0,0.003340738,4.39E-05,21-Sep
ECONFO AND PRE-ARRIVAL EMAIL|MOBILE,0.000215239,0.000613829,0,0,0.012499801,0.005755648,0.080555157,3.19E-05,0.000470337,0.000717463,0.091165638,0.000430478,0.012212815,0.004416384,0.036726136,0.074090018,0.000948646,0.004791059,0.000876899,0.009358907,5.58E-05,0.001179828,0.000151464,0.001179828,0,0.000111605,0,0,0,0.000454393,0.002136446,21-Sep
EMAIL|DESKTOP,0.009613949,0.000105358,0,0,0.091922965,0.116109292,0.088560278,0.001275275,5.71E-05,0.005177924,8.12E-05,0.216500435,0.000978955,0.10408527,0.002627374,0.080193069,0.005919822,0.001257715,0.02904159,0.001150162,0.003020273,8.12E-05,0.002449582,4.39E-05,0.000366559,1.32E-05,0,1.76E-05,0,0.024397043,0.000160232,21-Sep
EMAIL|MOBILE,0.000725435,0.001865404,0,0,0.039914861,0.014436951,0.124567529,6.38E-05,0.001028364,0.000167408,0.005245452,0.004153314,0.154987963,0.012754899,0.073037739,0.180952153,0.001793658,0.008059502,0.001969037,0.01777714,0.000326844,0.002016868,0.00026307,0.001562475,1.59E-05,0.000143493,0,0,0,0.001139969,0.009885046,21-Sep
NATURAL SEARCH|DESKTOP,0.012704415,0.000114116,1.46E-06,0,0.156334871,0.098575161,0.07676537,0.002358395,5.41E-05,0.004396388,0.000114604,0.035239378,0.000408671,0.321054333,0.004415407,0.165075465,0.00619542,0.000964621,0.080422443,0.001079224,0.00886105,0.000141913,0.005241528,0.00011119,0.000578382,1.02E-05,0,1.02E-05,0,0.01859894,0.000172637,21-Sep
NATURAL SEARCH|MOBILE,0.00094873,0.004621481,0,0,0.159472605,0.016695364,0.117759011,9.74E-05,0.001361056,0.000244341,0.008968079,0.001374418,0.026087222,0.022068958,0.388654941,0.156494699,0.001236976,0.010046616,0.002863371,0.050525142,0.000389419,0.013826266,0.000345513,0.003775832,2.86E-05,0.000332151,0,1.91E-06,0,0.001553856,0.010226054,21-Sep
Null,0,0,0,0,0,0,0,0,0,0,0,0,0,0,0,1,0,0,0,0,0,0,0,0,0,0,0,0,0,0,0,21-Sep
OTHER|DESKTOP,0.008639323,0.00040445,0,0,0.132931535,0.218350108,0.084291416,0.002287465,0.000112716,0.005841323,0.000484014,0.016250945,0.001127157,0.091233374,0.00558937,0.075844373,0.302542069,0.001312806,0.019771651,0.001829972,0.005489915,0.000112716,0.00458819,0.000371299,0.00040445,6.63E-06,0,0,0,0.019579372,0.00060336,21-Sep
OTHER|MOBILE,0.003658843,0.001727409,6.80E-06,0,0.050713747,0.047286131,0.12813433,0.00041485,0.000428452,0.001013323,0.002631919,0.006508389,0.006113941,0.037907794,0.044654212,0.052175924,0.002665923,0.581341259,0.005726294,0.011724621,0.000646078,0.00231228,0.000945315,0.00206065,0.000108813,0.000149618,0,0,0,0.005413456,0.003529628,21-Sep
PAID SEARCH|DESKTOP,0.015189643,0.000181734,0,0,0.178665144,0.099536578,0.090993215,0.001294393,0.000101994,0.004200286,0.000144646,0.022299531,0.000509968,0.184391626,0.00394252,0.069277829,0.005112666,0.001268431,0.292794238,0.002292077,0.006360698,0.000168753,0.00434864,0.000109411,0.00047288,2.04E-05,0,3.71E-06,0,0.01611315,0.000205842,21-Sep
PAID SEARCH|MOBILE,0.001696583,0.005007275,0,0,0.08629008,0.020559283,0.105182235,0.000288655,0.001178182,0.000241527,0.006963058,0.002256219,0.010856951,0.021537175,0.139679417,0.168845322,0.001690692,0.009148586,0.006668512,0.392193363,0.000347564,0.007581604,0.000294546,0.002827638,1.18E-05,0.000288655,0,0,0,0.001702474,0.006662622,21-Sep
REFERRAL ENGINE|DESKTOP,0.014071401,0.00012575,0,0,0.177357494,0.106107667,0.059014373,0.001383248,7.54E-05,0.004627592,0.0001509,0.019227142,0.000565874,0.219320197,0.004124593,0.044892673,0.019403192,0.001106598,0.045672321,0.000829949,0.241980308,0.000540724,0.003571294,2.52E-05,0.003269494,2.52E-05,0,0,1.26E-05,0.032317694,0.0002012,21-Sep
REFERRAL ENGINE|MOBILE,0.000761741,0.003013844,0,0,0.302444194,0.008445387,0.07633967,6.62E-05,0.001291647,0.000132477,0.004437968,0.000629264,0.009637676,0.010763728,0.189507849,0.040968404,0.000761741,0.019871498,0.001887792,0.042789958,0.001324767,0.25948864,0.000165596,0.002053388,3.31E-05,0.004371729,0,0,0,0.000529907,0.018281778,21-Sep
RESLINK|DESKTOP,0.022241379,0.00015213,0,0,0.116592292,0.093914807,0.079290061,0.000791075,3.04E-05,0.005993915,0.000131846,0.013336714,0.00030426,0.133529412,0.002089249,0.189087221,0.005902637,0.000760649,0.026744422,0.000425963,0.003154158,8.11E-05,0.289421907,0.001947262,0.000598377,2.03E-05,0,0,0,0.01331643,0.000141988,21-Sep
RESLINK|MOBILE,0.000887049,0.017068975,0,0,0.102790173,0.008978012,0.127036181,8.06E-05,0.000483845,0.000295683,0.006639428,0.000349444,0.006101822,0.008198484,0.06346433,0.266544809,0.001155852,0.009031772,0.001317133,0.014784151,5.38E-05,0.002392344,0.006693189,0.348690931,0,0.000268803,0,0,0,0.000672007,0.006021182,21-Sep
SOCIAL MEDIA|DESKTOP,0.016831683,0,0,0,0.048184818,0.177722772,0.081518152,0.015016502,0,0.006930693,0,0.023927393,0,0.185643564,0.002640264,0.061386139,0.00990099,0.001650165,0.033333333,0.000660066,0.091254125,0,0.009075908,0,0.17640264,0.00049505,0,0,0,0.057260726,0.000165017,21-Sep
SOCIAL MEDIA|MOBILE,0.001101928,0.002203857,0,0,0.158677686,0.019283747,0.125619835,0,0.020385675,0.001101928,0.005509642,0.001101928,0.008264463,0.013774105,0.084297521,0.198898072,0,0.008815427,0.003305785,0.031404959,0.000550964,0.085950413,0.000550964,0.009366391,0.002754821,0.178512397,0,0,0,0,0.038567493,21-Sep
Start,0.011280465,0.001962823,2.71E-06,4.52E-07,0,0.199897722,0.354996426,0.001787385,0.000393378,0.005080007,0.002649652,0.024490292,0.008807155,0.222961452,0.062914771,0,0.007885654,0.004272903,0.027736342,0.014794645,0.003166922,0.003757442,0.012499486,0.004880605,0.000311538,0.000203472,0,4.52E-06,1.36E-06,0.018391571,0.004868849,21-Sep
TEST|DESKTOP,0.011235955,0,0,0,0.061797753,0.235955056,0.056179775,0.011235955,0,0,0,0.050561798,0,0.084269663,0,0.056179775,0,0,0.016853933,0.005617978,0.005617978,0,0,0,0,0,0,0.370786517,0.005617978,0.028089888,0,21-Sep
TEST|MOBILE,0,0,0,0,0,0,0.125,0,0,0,0,0,0,0.125,0,0.5,0,0,0,0,0.125,0,0,0,0,0,0,0,0.125,0,0,21-Sep
UNPAID REFERRER|DESKTOP,0.010412787,0.000134229,0,0,0.086637875,0.155678375,0.094164746,0.004818808,0.000107383,0.003671153,0.000104027,0.025630958,0.000523492,0.127104453,0.003194642,0.103523837,0.023916188,0.001630878,0.02931889,0.001003359,0.007657744,8.05E-05,0.004493304,0.00011745,0.00051678,1.34E-05,0,2.35E-05,0,0.315021191,0.000500002,21-Sep
UNPAID REFERRER|MOBILE,0.0008566,0.0059499,0,0,0.121197389,0.016113349,0.160577858,6.95E-05,0.003102283,0.000254665,0.005486873,0.001157568,0.01664583,0.013335185,0.117608927,0.239153586,0.001597444,0.032990693,0.002245682,0.029610594,0.00034727,0.008334491,0.000300968,0.004653424,4.63E-05,0.000740844,0,0,0,0.003426402,0.214196416,21-Sep
